# NASA-KSC WWW server, requests per minute from 1995-07-01 00:00 (-0400) for 7 days.
# Internet Traffic Archive NASA-HTTP trace (Dumoulin; Arlitt and Williamson). Freely redistributable.
# Only counts are kept. relative_rate = requests / mean (56.3 requests per minute).
minute,requests,relative_rate
0,42,0.7456
1,61,1.0829
2,57,1.0119
3,71,1.2605
4,70,1.2427
5,54,0.9587
6,52,0.9232
7,68,1.2072
8,47,0.8344
9,46,0.8167
10,51,0.9054
11,71,1.2605
12,56,0.9942
13,44,0.7811
14,20,0.3551
15,5,0.0888
16,82,1.4558
17,52,0.9232
18,63,1.1185
19,80,1.4203
20,80,1.4203
21,66,1.1717
22,58,1.0297
23,62,1.1007
24,53,0.9409
25,62,1.1007
26,74,1.3137
27,85,1.5090
28,68,1.2072
29,55,0.9764
30,65,1.1540
31,48,0.8522
32,65,1.1540
33,71,1.2605
34,77,1.3670
35,69,1.2250
36,59,1.0474
37,67,1.1895
38,87,1.5445
39,79,1.4025
40,62,1.1007
41,72,1.2782
42,67,1.1895
43,65,1.1540
44,53,0.9409
45,42,0.7456
46,50,0.8877
47,23,0.4083
48,42,0.7456
49,48,0.8522
50,57,1.0119
51,79,1.4025
52,59,1.0474
53,63,1.1185
54,55,0.9764
55,75,1.3315
56,61,1.0829
57,64,1.1362
58,50,0.8877
59,36,0.6391
60,56,0.9942
61,37,0.6569
62,49,0.8699
63,30,0.5326
64,69,1.2250
65,55,0.9764
66,60,1.0652
67,40,0.7101
68,42,0.7456
69,56,0.9942
70,59,1.0474
71,60,1.0652
72,46,0.8167
73,49,0.8699
74,42,0.7456
75,55,0.9764
76,49,0.8699
77,36,0.6391
78,45,0.7989
79,29,0.5148
80,45,0.7989
81,50,0.8877
82,57,1.0119
83,58,1.0297
84,57,1.0119
85,61,1.0829
86,44,0.7811
87,27,0.4793
88,36,0.6391
89,30,0.5326
90,54,0.9587
91,60,1.0652
92,52,0.9232
93,35,0.6214
94,33,0.5859
95,63,1.1185
96,60,1.0652
97,56,0.9942
98,50,0.8877
99,46,0.8167
100,54,0.9587
101,70,1.2427
102,61,1.0829
103,66,1.1717
104,73,1.2960
105,50,0.8877
106,33,0.5859
107,47,0.8344
108,65,1.1540
109,51,0.9054
110,39,0.6924
111,54,0.9587
112,53,0.9409
113,49,0.8699
114,51,0.9054
115,54,0.9587
116,61,1.0829
117,53,0.9409
118,36,0.6391
119,46,0.8167
120,46,0.8167
121,65,1.1540
122,50,0.8877
123,43,0.7634
124,53,0.9409
125,49,0.8699
126,23,0.4083
127,56,0.9942
128,46,0.8167
129,42,0.7456
130,44,0.7811
131,40,0.7101
132,52,0.9232
133,34,0.6036
134,54,0.9587
135,49,0.8699
136,44,0.7811
137,30,0.5326
138,12,0.2130
139,35,0.6214
140,23,0.4083
141,20,0.3551
142,33,0.5859
143,67,1.1895
144,35,0.6214
145,50,0.8877
146,46,0.8167
147,27,0.4793
148,35,0.6214
149,32,0.5681
150,27,0.4793
151,29,0.5148
152,46,0.8167
153,28,0.4971
154,24,0.4261
155,47,0.8344
156,30,0.5326
157,30,0.5326
158,34,0.6036
159,38,0.6746
160,36,0.6391
161,34,0.6036
162,47,0.8344
163,36,0.6391
164,48,0.8522
165,27,0.4793
166,31,0.5504
167,30,0.5326
168,25,0.4438
169,21,0.3728
170,25,0.4438
171,30,0.5326
172,24,0.4261
173,55,0.9764
174,25,0.4438
175,39,0.6924
176,51,0.9054
177,42,0.7456
178,35,0.6214
179,39,0.6924
180,21,0.3728
181,28,0.4971
182,28,0.4971
183,24,0.4261
184,33,0.5859
185,45,0.7989
186,42,0.7456
187,34,0.6036
188,50,0.8877
189,37,0.6569
190,41,0.7279
191,45,0.7989
192,29,0.5148
193,25,0.4438
194,19,0.3373
195,30,0.5326
196,28,0.4971
197,30,0.5326
198,33,0.5859
199,22,0.3906
200,15,0.2663
201,13,0.2308
202,14,0.2485
203,36,0.6391
204,37,0.6569
205,58,1.0297
206,33,0.5859
207,21,0.3728
208,23,0.4083
209,27,0.4793
210,41,0.7279
211,33,0.5859
212,20,0.3551
213,23,0.4083
214,26,0.4616
215,24,0.4261
216,19,0.3373
217,31,0.5504
218,10,0.1775
219,24,0.4261
220,37,0.6569
221,30,0.5326
222,21,0.3728
223,34,0.6036
224,25,0.4438
225,28,0.4971
226,40,0.7101
227,40,0.7101
228,14,0.2485
229,22,0.3906
230,19,0.3373
231,13,0.2308
232,36,0.6391
233,17,0.3018
234,19,0.3373
235,12,0.2130
236,31,0.5504
237,35,0.6214
238,45,0.7989
239,44,0.7811
240,43,0.7634
241,30,0.5326
242,24,0.4261
243,16,0.2841
244,30,0.5326
245,10,0.1775
246,25,0.4438
247,27,0.4793
248,15,0.2663
249,17,0.3018
250,50,0.8877
251,32,0.5681
252,23,0.4083
253,24,0.4261
254,43,0.7634
255,20,0.3551
256,22,0.3906
257,21,0.3728
258,16,0.2841
259,18,0.3196
260,28,0.4971
261,33,0.5859
262,28,0.4971
263,23,0.4083
264,20,0.3551
265,29,0.5148
266,8,0.1420
267,16,0.2841
268,15,0.2663
269,20,0.3551
270,23,0.4083
271,36,0.6391
272,32,0.5681
273,39,0.6924
274,33,0.5859
275,22,0.3906
276,32,0.5681
277,38,0.6746
278,21,0.3728
279,25,0.4438
280,21,0.3728
281,14,0.2485
282,8,0.1420
283,36,0.6391
284,25,0.4438
285,31,0.5504
286,18,0.3196
287,15,0.2663
288,10,0.1775
289,31,0.5504
290,14,0.2485
291,27,0.4793
292,21,0.3728
293,12,0.2130
294,31,0.5504
295,26,0.4616
296,19,0.3373
297,25,0.4438
298,40,0.7101
299,31,0.5504
300,29,0.5148
301,18,0.3196
302,23,0.4083
303,30,0.5326
304,12,0.2130
305,26,0.4616
306,14,0.2485
307,12,0.2130
308,9,0.1598
309,20,0.3551
310,5,0.0888
311,20,0.3551
312,16,0.2841
313,30,0.5326
314,20,0.3551
315,6,0.1065
316,19,0.3373
317,18,0.3196
318,15,0.2663
319,22,0.3906
320,12,0.2130
321,20,0.3551
322,19,0.3373
323,35,0.6214
324,28,0.4971
325,41,0.7279
326,27,0.4793
327,34,0.6036
328,23,0.4083
329,12,0.2130
330,10,0.1775
331,28,0.4971
332,27,0.4793
333,25,0.4438
334,17,0.3018
335,29,0.5148
336,18,0.3196
337,12,0.2130
338,17,0.3018
339,25,0.4438
340,23,0.4083
341,26,0.4616
342,18,0.3196
343,38,0.6746
344,23,0.4083
345,32,0.5681
346,42,0.7456
347,27,0.4793
348,19,0.3373
349,26,0.4616
350,36,0.6391
351,30,0.5326
352,11,0.1953
353,12,0.2130
354,18,0.3196
355,19,0.3373
356,25,0.4438
357,31,0.5504
358,34,0.6036
359,30,0.5326
360,16,0.2841
361,22,0.3906
362,37,0.6569
363,29,0.5148
364,23,0.4083
365,19,0.3373
366,33,0.5859
367,37,0.6569
368,44,0.7811
369,34,0.6036
370,26,0.4616
371,11,0.1953
372,7,0.1243
373,14,0.2485
374,21,0.3728
375,16,0.2841
376,10,0.1775
377,21,0.3728
378,22,0.3906
379,22,0.3906
380,30,0.5326
381,24,0.4261
382,25,0.4438
383,40,0.7101
384,32,0.5681
385,25,0.4438
386,18,0.3196
387,30,0.5326
388,44,0.7811
389,37,0.6569
390,32,0.5681
391,41,0.7279
392,35,0.6214
393,30,0.5326
394,20,0.3551
395,25,0.4438
396,29,0.5148
397,18,0.3196
398,28,0.4971
399,44,0.7811
400,34,0.6036
401,33,0.5859
402,21,0.3728
403,12,0.2130
404,15,0.2663
405,33,0.5859
406,31,0.5504
407,9,0.1598
408,22,0.3906
409,30,0.5326
410,30,0.5326
411,36,0.6391
412,28,0.4971
413,33,0.5859
414,20,0.3551
415,18,0.3196
416,18,0.3196
417,8,0.1420
418,16,0.2841
419,10,0.1775
420,26,0.4616
421,13,0.2308
422,12,0.2130
423,14,0.2485
424,21,0.3728
425,14,0.2485
426,21,0.3728
427,20,0.3551
428,10,0.1775
429,15,0.2663
430,16,0.2841
431,26,0.4616
432,45,0.7989
433,27,0.4793
434,21,0.3728
435,13,0.2308
436,25,0.4438
437,17,0.3018
438,18,0.3196
439,18,0.3196
440,14,0.2485
441,24,0.4261
442,30,0.5326
443,25,0.4438
444,16,0.2841
445,14,0.2485
446,29,0.5148
447,23,0.4083
448,27,0.4793
449,32,0.5681
450,24,0.4261
451,34,0.6036
452,37,0.6569
453,23,0.4083
454,28,0.4971
455,22,0.3906
456,32,0.5681
457,17,0.3018
458,24,0.4261
459,14,0.2485
460,30,0.5326
461,17,0.3018
462,33,0.5859
463,61,1.0829
464,40,0.7101
465,30,0.5326
466,26,0.4616
467,26,0.4616
468,16,0.2841
469,20,0.3551
470,28,0.4971
471,71,1.2605
472,48,0.8522
473,33,0.5859
474,32,0.5681
475,34,0.6036
476,40,0.7101
477,21,0.3728
478,20,0.3551
479,50,0.8877
480,30,0.5326
481,41,0.7279
482,43,0.7634
483,40,0.7101
484,46,0.8167
485,33,0.5859
486,17,0.3018
487,5,0.0888
488,17,0.3018
489,20,0.3551
490,22,0.3906
491,33,0.5859
492,20,0.3551
493,25,0.4438
494,36,0.6391
495,35,0.6214
496,23,0.4083
497,22,0.3906
498,42,0.7456
499,42,0.7456
500,50,0.8877
501,52,0.9232
502,53,0.9409
503,40,0.7101
504,38,0.6746
505,66,1.1717
506,40,0.7101
507,31,0.5504
508,35,0.6214
509,33,0.5859
510,22,0.3906
511,19,0.3373
512,26,0.4616
513,42,0.7456
514,31,0.5504
515,22,0.3906
516,32,0.5681
517,19,0.3373
518,37,0.6569
519,43,0.7634
520,31,0.5504
521,31,0.5504
522,33,0.5859
523,39,0.6924
524,30,0.5326
525,20,0.3551
526,33,0.5859
527,41,0.7279
528,35,0.6214
529,42,0.7456
530,31,0.5504
531,34,0.6036
532,29,0.5148
533,35,0.6214
534,19,0.3373
535,24,0.4261
536,22,0.3906
537,38,0.6746
538,24,0.4261
539,13,0.2308
540,20,0.3551
541,16,0.2841
542,15,0.2663
543,24,0.4261
544,17,0.3018
545,28,0.4971
546,36,0.6391
547,33,0.5859
548,15,0.2663
549,40,0.7101
550,16,0.2841
551,29,0.5148
552,22,0.3906
553,22,0.3906
554,21,0.3728
555,21,0.3728
556,28,0.4971
557,23,0.4083
558,34,0.6036
559,38,0.6746
560,27,0.4793
561,37,0.6569
562,31,0.5504
563,50,0.8877
564,45,0.7989
565,54,0.9587
566,58,1.0297
567,34,0.6036
568,40,0.7101
569,36,0.6391
570,35,0.6214
571,50,0.8877
572,60,1.0652
573,29,0.5148
574,30,0.5326
575,22,0.3906
576,52,0.9232
577,31,0.5504
578,61,1.0829
579,33,0.5859
580,33,0.5859
581,43,0.7634
582,38,0.6746
583,23,0.4083
584,30,0.5326
585,33,0.5859
586,57,1.0119
587,53,0.9409
588,23,0.4083
589,43,0.7634
590,29,0.5148
591,56,0.9942
592,37,0.6569
593,40,0.7101
594,30,0.5326
595,38,0.6746
596,59,1.0474
597,48,0.8522
598,36,0.6391
599,34,0.6036
600,37,0.6569
601,37,0.6569
602,44,0.7811
603,33,0.5859
604,38,0.6746
605,71,1.2605
606,40,0.7101
607,57,1.0119
608,72,1.2782
609,50,0.8877
610,65,1.1540
611,64,1.1362
612,35,0.6214
613,42,0.7456
614,37,0.6569
615,46,0.8167
616,26,0.4616
617,49,0.8699
618,46,0.8167
619,44,0.7811
620,53,0.9409
621,36,0.6391
622,27,0.4793
623,35,0.6214
624,65,1.1540
625,50,0.8877
626,44,0.7811
627,47,0.8344
628,49,0.8699
629,39,0.6924
630,41,0.7279
631,63,1.1185
632,50,0.8877
633,57,1.0119
634,53,0.9409
635,57,1.0119
636,38,0.6746
637,75,1.3315
638,55,0.9764
639,64,1.1362
640,44,0.7811
641,58,1.0297
642,52,0.9232
643,44,0.7811
644,35,0.6214
645,61,1.0829
646,52,0.9232
647,40,0.7101
648,68,1.2072
649,58,1.0297
650,72,1.2782
651,67,1.1895
652,81,1.4380
653,67,1.1895
654,53,0.9409
655,42,0.7456
656,54,0.9587
657,34,0.6036
658,71,1.2605
659,62,1.1007
660,66,1.1717
661,65,1.1540
662,56,0.9942
663,82,1.4558
664,68,1.2072
665,49,0.8699
666,62,1.1007
667,64,1.1362
668,65,1.1540
669,80,1.4203
670,70,1.2427
671,69,1.2250
672,72,1.2782
673,43,0.7634
674,72,1.2782
675,79,1.4025
676,90,1.5978
677,78,1.3848
678,51,0.9054
679,36,0.6391
680,63,1.1185
681,85,1.5090
682,60,1.0652
683,59,1.0474
684,87,1.5445
685,55,0.9764
686,59,1.0474
687,60,1.0652
688,41,0.7279
689,35,0.6214
690,50,0.8877
691,59,1.0474
692,49,0.8699
693,54,0.9587
694,37,0.6569
695,32,0.5681
696,44,0.7811
697,54,0.9587
698,55,0.9764
699,59,1.0474
700,33,0.5859
701,51,0.9054
702,44,0.7811
703,48,0.8522
704,49,0.8699
705,68,1.2072
706,31,0.5504
707,57,1.0119
708,58,1.0297
709,60,1.0652
710,57,1.0119
711,50,0.8877
712,32,0.5681
713,42,0.7456
714,54,0.9587
715,74,1.3137
716,59,1.0474
717,48,0.8522
718,50,0.8877
719,49,0.8699
720,55,0.9764
721,54,0.9587
722,57,1.0119
723,45,0.7989
724,49,0.8699
725,38,0.6746
726,49,0.8699
727,51,0.9054
728,47,0.8344
729,75,1.3315
730,68,1.2072
731,58,1.0297
732,50,0.8877
733,45,0.7989
734,52,0.9232
735,46,0.8167
736,32,0.5681
737,61,1.0829
738,51,0.9054
739,67,1.1895
740,59,1.0474
741,64,1.1362
742,50,0.8877
743,93,1.6511
744,46,0.8167
745,57,1.0119
746,78,1.3848
747,98,1.7398
748,95,1.6866
749,77,1.3670
750,57,1.0119
751,30,0.5326
752,28,0.4971
753,42,0.7456
754,41,0.7279
755,4,0.0710
756,4,0.0710
757,2,0.0355
758,0,0.0000
759,0,0.0000
760,1,0.0178
761,0,0.0000
762,0,0.0000
763,0,0.0000
764,0,0.0000
765,1,0.0178
766,8,0.1420
767,69,1.2250
768,78,1.3848
769,54,0.9587
770,54,0.9587
771,71,1.2605
772,57,1.0119
773,67,1.1895
774,53,0.9409
775,68,1.2072
776,46,0.8167
777,57,1.0119
778,37,0.6569
779,73,1.2960
780,67,1.1895
781,46,0.8167
782,66,1.1717
783,51,0.9054
784,60,1.0652
785,52,0.9232
786,54,0.9587
787,71,1.2605
788,46,0.8167
789,52,0.9232
790,56,0.9942
791,55,0.9764
792,39,0.6924
793,21,0.3728
794,50,0.8877
795,57,1.0119
796,67,1.1895
797,50,0.8877
798,51,0.9054
799,57,1.0119
800,49,0.8699
801,55,0.9764
802,73,1.2960
803,63,1.1185
804,49,0.8699
805,42,0.7456
806,48,0.8522
807,68,1.2072
808,43,0.7634
809,57,1.0119
810,54,0.9587
811,35,0.6214
812,30,0.5326
813,43,0.7634
814,28,0.4971
815,37,0.6569
816,30,0.5326
817,33,0.5859
818,40,0.7101
819,59,1.0474
820,44,0.7811
821,24,0.4261
822,28,0.4971
823,38,0.6746
824,43,0.7634
825,43,0.7634
826,72,1.2782
827,59,1.0474
828,61,1.0829
829,70,1.2427
830,69,1.2250
831,56,0.9942
832,64,1.1362
833,58,1.0297
834,74,1.3137
835,76,1.3492
836,54,0.9587
837,41,0.7279
838,60,1.0652
839,48,0.8522
840,42,0.7456
841,38,0.6746
842,64,1.1362
843,74,1.3137
844,31,0.5504
845,52,0.9232
846,38,0.6746
847,65,1.1540
848,75,1.3315
849,31,0.5504
850,35,0.6214
851,46,0.8167
852,42,0.7456
853,39,0.6924
854,72,1.2782
855,55,0.9764
856,60,1.0652
857,46,0.8167
858,58,1.0297
859,75,1.3315
860,41,0.7279
861,44,0.7811
862,36,0.6391
863,44,0.7811
864,45,0.7989
865,34,0.6036
866,45,0.7989
867,38,0.6746
868,40,0.7101
869,44,0.7811
870,31,0.5504
871,36,0.6391
872,33,0.5859
873,46,0.8167
874,48,0.8522
875,49,0.8699
876,60,1.0652
877,58,1.0297
878,52,0.9232
879,54,0.9587
880,58,1.0297
881,69,1.2250
882,48,0.8522
883,61,1.0829
884,76,1.3492
885,71,1.2605
886,51,0.9054
887,67,1.1895
888,40,0.7101
889,38,0.6746
890,57,1.0119
891,42,0.7456
892,55,0.9764
893,68,1.2072
894,65,1.1540
895,96,1.7043
896,69,1.2250
897,67,1.1895
898,69,1.2250
899,50,0.8877
900,45,0.7989
901,47,0.8344
902,51,0.9054
903,67,1.1895
904,58,1.0297
905,49,0.8699
906,36,0.6391
907,56,0.9942
908,41,0.7279
909,41,0.7279
910,30,0.5326
911,58,1.0297
912,28,0.4971
913,45,0.7989
914,52,0.9232
915,59,1.0474
916,43,0.7634
917,54,0.9587
918,60,1.0652
919,40,0.7101
920,66,1.1717
921,70,1.2427
922,63,1.1185
923,42,0.7456
924,47,0.8344
925,50,0.8877
926,41,0.7279
927,50,0.8877
928,54,0.9587
929,56,0.9942
930,42,0.7456
931,39,0.6924
932,58,1.0297
933,78,1.3848
934,51,0.9054
935,60,1.0652
936,60,1.0652
937,49,0.8699
938,42,0.7456
939,47,0.8344
940,80,1.4203
941,51,0.9054
942,38,0.6746
943,57,1.0119
944,61,1.0829
945,61,1.0829
946,65,1.1540
947,59,1.0474
948,70,1.2427
949,54,0.9587
950,68,1.2072
951,75,1.3315
952,71,1.2605
953,67,1.1895
954,84,1.4913
955,78,1.3848
956,52,0.9232
957,49,0.8699
958,55,0.9764
959,52,0.9232
960,40,0.7101
961,35,0.6214
962,56,0.9942
963,53,0.9409
964,30,0.5326
965,51,0.9054
966,58,1.0297
967,51,0.9054
968,58,1.0297
969,51,0.9054
970,55,0.9764
971,39,0.6924
972,56,0.9942
973,23,0.4083
974,27,0.4793
975,29,0.5148
976,87,1.5445
977,57,1.0119
978,59,1.0474
979,56,0.9942
980,51,0.9054
981,57,1.0119
982,40,0.7101
983,23,0.4083
984,49,0.8699
985,27,0.4793
986,38,0.6746
987,63,1.1185
988,32,0.5681
989,18,0.3196
990,51,0.9054
991,56,0.9942
992,67,1.1895
993,37,0.6569
994,44,0.7811
995,64,1.1362
996,58,1.0297
997,78,1.3848
998,48,0.8522
999,68,1.2072
1000,65,1.1540
1001,53,0.9409
1002,69,1.2250
1003,50,0.8877
1004,61,1.0829
1005,68,1.2072
1006,87,1.5445
1007,64,1.1362
1008,72,1.2782
1009,69,1.2250
1010,67,1.1895
1011,45,0.7989
1012,54,0.9587
1013,56,0.9942
1014,49,0.8699
1015,64,1.1362
1016,53,0.9409
1017,50,0.8877
1018,84,1.4913
1019,71,1.2605
1020,53,0.9409
1021,63,1.1185
1022,45,0.7989
1023,67,1.1895
1024,76,1.3492
1025,64,1.1362
1026,63,1.1185
1027,55,0.9764
1028,45,0.7989
1029,84,1.4913
1030,73,1.2960
1031,39,0.6924
1032,75,1.3315
1033,56,0.9942
1034,79,1.4025
1035,46,0.8167
1036,70,1.2427
1037,60,1.0652
1038,66,1.1717
1039,67,1.1895
1040,43,0.7634
1041,71,1.2605
1042,63,1.1185
1043,73,1.2960
1044,64,1.1362
1045,74,1.3137
1046,66,1.1717
1047,79,1.4025
1048,47,0.8344
1049,85,1.5090
1050,62,1.1007
1051,75,1.3315
1052,81,1.4380
1053,67,1.1895
1054,71,1.2605
1055,66,1.1717
1056,48,0.8522
1057,50,0.8877
1058,45,0.7989
1059,53,0.9409
1060,92,1.6333
1061,95,1.6866
1062,61,1.0829
1063,92,1.6333
1064,72,1.2782
1065,57,1.0119
1066,70,1.2427
1067,59,1.0474
1068,30,0.5326
1069,41,0.7279
1070,37,0.6569
1071,36,0.6391
1072,57,1.0119
1073,51,0.9054
1074,28,0.4971
1075,52,0.9232
1076,44,0.7811
1077,47,0.8344
1078,77,1.3670
1079,44,0.7811
1080,59,1.0474
1081,62,1.1007
1082,88,1.5623
1083,81,1.4380
1084,96,1.7043
1085,42,0.7456
1086,47,0.8344
1087,62,1.1007
1088,46,0.8167
1089,35,0.6214
1090,45,0.7989
1091,48,0.8522
1092,57,1.0119
1093,57,1.0119
1094,51,0.9054
1095,58,1.0297
1096,59,1.0474
1097,66,1.1717
1098,76,1.3492
1099,69,1.2250
1100,59,1.0474
1101,60,1.0652
1102,53,0.9409
1103,49,0.8699
1104,32,0.5681
1105,38,0.6746
1106,63,1.1185
1107,68,1.2072
1108,60,1.0652
1109,50,0.8877
1110,37,0.6569
1111,77,1.3670
1112,54,0.9587
1113,53,0.9409
1114,72,1.2782
1115,54,0.9587
1116,64,1.1362
1117,56,0.9942
1118,62,1.1007
1119,72,1.2782
1120,81,1.4380
1121,58,1.0297
1122,41,0.7279
1123,34,0.6036
1124,50,0.8877
1125,45,0.7989
1126,51,0.9054
1127,40,0.7101
1128,28,0.4971
1129,36,0.6391
1130,40,0.7101
1131,41,0.7279
1132,40,0.7101
1133,34,0.6036
1134,35,0.6214
1135,32,0.5681
1136,26,0.4616
1137,30,0.5326
1138,68,1.2072
1139,45,0.7989
1140,62,1.1007
1141,50,0.8877
1142,52,0.9232
1143,28,0.4971
1144,47,0.8344
1145,53,0.9409
1146,38,0.6746
1147,25,0.4438
1148,47,0.8344
1149,44,0.7811
1150,31,0.5504
1151,49,0.8699
1152,36,0.6391
1153,48,0.8522
1154,45,0.7989
1155,55,0.9764
1156,58,1.0297
1157,66,1.1717
1158,59,1.0474
1159,58,1.0297
1160,53,0.9409
1161,42,0.7456
1162,74,1.3137
1163,80,1.4203
1164,77,1.3670
1165,49,0.8699
1166,45,0.7989
1167,42,0.7456
1168,35,0.6214
1169,68,1.2072
1170,54,0.9587
1171,60,1.0652
1172,49,0.8699
1173,42,0.7456
1174,55,0.9764
1175,46,0.8167
1176,31,0.5504
1177,49,0.8699
1178,52,0.9232
1179,39,0.6924
1180,43,0.7634
1181,37,0.6569
1182,29,0.5148
1183,26,0.4616
1184,22,0.3906
1185,56,0.9942
1186,45,0.7989
1187,41,0.7279
1188,57,1.0119
1189,46,0.8167
1190,44,0.7811
1191,45,0.7989
1192,45,0.7989
1193,75,1.3315
1194,24,0.4261
1195,42,0.7456
1196,32,0.5681
1197,45,0.7989
1198,32,0.5681
1199,52,0.9232
1200,37,0.6569
1201,42,0.7456
1202,44,0.7811
1203,49,0.8699
1204,29,0.5148
1205,33,0.5859
1206,34,0.6036
1207,51,0.9054
1208,37,0.6569
1209,30,0.5326
1210,34,0.6036
1211,59,1.0474
1212,44,0.7811
1213,89,1.5800
1214,78,1.3848
1215,67,1.1895
1216,45,0.7989
1217,56,0.9942
1218,74,1.3137
1219,58,1.0297
1220,37,0.6569
1221,35,0.6214
1222,39,0.6924
1223,57,1.0119
1224,76,1.3492
1225,57,1.0119
1226,42,0.7456
1227,32,0.5681
1228,48,0.8522
1229,46,0.8167
1230,42,0.7456
1231,70,1.2427
1232,62,1.1007
1233,42,0.7456
1234,36,0.6391
1235,33,0.5859
1236,36,0.6391
1237,37,0.6569
1238,61,1.0829
1239,50,0.8877
1240,42,0.7456
1241,34,0.6036
1242,58,1.0297
1243,50,0.8877
1244,51,0.9054
1245,45,0.7989
1246,79,1.4025
1247,67,1.1895
1248,66,1.1717
1249,44,0.7811
1250,44,0.7811
1251,48,0.8522
1252,59,1.0474
1253,42,0.7456
1254,49,0.8699
1255,49,0.8699
1256,68,1.2072
1257,60,1.0652
1258,46,0.8167
1259,29,0.5148
1260,65,1.1540
1261,65,1.1540
1262,68,1.2072
1263,81,1.4380
1264,81,1.4380
1265,64,1.1362
1266,59,1.0474
1267,41,0.7279
1268,59,1.0474
1269,64,1.1362
1270,47,0.8344
1271,45,0.7989
1272,66,1.1717
1273,55,0.9764
1274,59,1.0474
1275,75,1.3315
1276,63,1.1185
1277,70,1.2427
1278,74,1.3137
1279,85,1.5090
1280,44,0.7811
1281,53,0.9409
1282,62,1.1007
1283,89,1.5800
1284,54,0.9587
1285,60,1.0652
1286,58,1.0297
1287,54,0.9587
1288,34,0.6036
1289,64,1.1362
1290,53,0.9409
1291,51,0.9054
1292,50,0.8877
1293,50,0.8877
1294,66,1.1717
1295,49,0.8699
1296,43,0.7634
1297,63,1.1185
1298,56,0.9942
1299,60,1.0652
1300,74,1.3137
1301,44,0.7811
1302,56,0.9942
1303,51,0.9054
1304,74,1.3137
1305,53,0.9409
1306,59,1.0474
1307,58,1.0297
1308,43,0.7634
1309,34,0.6036
1310,49,0.8699
1311,52,0.9232
1312,50,0.8877
1313,46,0.8167
1314,36,0.6391
1315,58,1.0297
1316,66,1.1717
1317,67,1.1895
1318,57,1.0119
1319,76,1.3492
1320,71,1.2605
1321,58,1.0297
1322,58,1.0297
1323,57,1.0119
1324,67,1.1895
1325,60,1.0652
1326,28,0.4971
1327,35,0.6214
1328,38,0.6746
1329,52,0.9232
1330,42,0.7456
1331,86,1.5268
1332,78,1.3848
1333,61,1.0829
1334,88,1.5623
1335,64,1.1362
1336,51,0.9054
1337,52,0.9232
1338,71,1.2605
1339,61,1.0829
1340,54,0.9587
1341,57,1.0119
1342,80,1.4203
1343,46,0.8167
1344,25,0.4438
1345,35,0.6214
1346,40,0.7101
1347,57,1.0119
1348,56,0.9942
1349,78,1.3848
1350,64,1.1362
1351,60,1.0652
1352,57,1.0119
1353,31,0.5504
1354,51,0.9054
1355,56,0.9942
1356,43,0.7634
1357,17,0.3018
1358,62,1.1007
1359,48,0.8522
1360,34,0.6036
1361,64,1.1362
1362,48,0.8522
1363,66,1.1717
1364,57,1.0119
1365,45,0.7989
1366,42,0.7456
1367,49,0.8699
1368,46,0.8167
1369,68,1.2072
1370,54,0.9587
1371,39,0.6924
1372,65,1.1540
1373,64,1.1362
1374,63,1.1185
1375,56,0.9942
1376,66,1.1717
1377,50,0.8877
1378,41,0.7279
1379,66,1.1717
1380,47,0.8344
1381,41,0.7279
1382,36,0.6391
1383,61,1.0829
1384,47,0.8344
1385,30,0.5326
1386,48,0.8522
1387,40,0.7101
1388,43,0.7634
1389,74,1.3137
1390,57,1.0119
1391,32,0.5681
1392,33,0.5859
1393,46,0.8167
1394,49,0.8699
1395,26,0.4616
1396,97,1.7221
1397,64,1.1362
1398,74,1.3137
1399,68,1.2072
1400,63,1.1185
1401,63,1.1185
1402,51,0.9054
1403,50,0.8877
1404,50,0.8877
1405,65,1.1540
1406,63,1.1185
1407,56,0.9942
1408,41,0.7279
1409,70,1.2427
1410,48,0.8522
1411,35,0.6214
1412,38,0.6746
1413,27,0.4793
1414,91,1.6155
1415,63,1.1185
1416,63,1.1185
1417,55,0.9764
1418,42,0.7456
1419,37,0.6569
1420,57,1.0119
1421,51,0.9054
1422,58,1.0297
1423,76,1.3492
1424,44,0.7811
1425,11,0.1953
1426,46,0.8167
1427,22,0.3906
1428,24,0.4261
1429,42,0.7456
1430,65,1.1540
1431,48,0.8522
1432,52,0.9232
1433,11,0.1953
1434,13,0.2308
1435,16,0.2841
1436,29,0.5148
1437,31,0.5504
1438,21,0.3728
1439,52,0.9232
1440,17,0.3018
1441,57,1.0119
1442,65,1.1540
1443,35,0.6214
1444,69,1.2250
1445,50,0.8877
1446,66,1.1717
1447,54,0.9587
1448,42,0.7456
1449,42,0.7456
1450,49,0.8699
1451,31,0.5504
1452,12,0.2130
1453,19,0.3373
1454,10,0.1775
1455,18,0.3196
1456,50,0.8877
1457,50,0.8877
1458,39,0.6924
1459,18,0.3196
1460,63,1.1185
1461,45,0.7989
1462,50,0.8877
1463,61,1.0829
1464,63,1.1185
1465,75,1.3315
1466,51,0.9054
1467,63,1.1185
1468,48,0.8522
1469,55,0.9764
1470,52,0.9232
1471,62,1.1007
1472,48,0.8522
1473,68,1.2072
1474,48,0.8522
1475,54,0.9587
1476,61,1.0829
1477,64,1.1362
1478,51,0.9054
1479,38,0.6746
1480,34,0.6036
1481,66,1.1717
1482,46,0.8167
1483,61,1.0829
1484,46,0.8167
1485,31,0.5504
1486,55,0.9764
1487,59,1.0474
1488,43,0.7634
1489,33,0.5859
1490,43,0.7634
1491,56,0.9942
1492,35,0.6214
1493,42,0.7456
1494,48,0.8522
1495,49,0.8699
1496,76,1.3492
1497,36,0.6391
1498,37,0.6569
1499,49,0.8699
1500,49,0.8699
1501,50,0.8877
1502,64,1.1362
1503,42,0.7456
1504,33,0.5859
1505,29,0.5148
1506,26,0.4616
1507,21,0.3728
1508,25,0.4438
1509,22,0.3906
1510,17,0.3018
1511,15,0.2663
1512,54,0.9587
1513,37,0.6569
1514,54,0.9587
1515,43,0.7634
1516,53,0.9409
1517,61,1.0829
1518,54,0.9587
1519,32,0.5681
1520,42,0.7456
1521,44,0.7811
1522,51,0.9054
1523,49,0.8699
1524,50,0.8877
1525,58,1.0297
1526,47,0.8344
1527,52,0.9232
1528,38,0.6746
1529,27,0.4793
1530,42,0.7456
1531,42,0.7456
1532,48,0.8522
1533,49,0.8699
1534,44,0.7811
1535,41,0.7279
1536,63,1.1185
1537,39,0.6924
1538,32,0.5681
1539,24,0.4261
1540,37,0.6569
1541,45,0.7989
1542,39,0.6924
1543,39,0.6924
1544,43,0.7634
1545,46,0.8167
1546,39,0.6924
1547,48,0.8522
1548,42,0.7456
1549,51,0.9054
1550,30,0.5326
1551,49,0.8699
1552,61,1.0829
1553,47,0.8344
1554,42,0.7456
1555,41,0.7279
1556,55,0.9764
1557,68,1.2072
1558,28,0.4971
1559,57,1.0119
1560,46,0.8167
1561,41,0.7279
1562,57,1.0119
1563,45,0.7989
1564,56,0.9942
1565,60,1.0652
1566,46,0.8167
1567,71,1.2605
1568,31,0.5504
1569,32,0.5681
1570,33,0.5859
1571,26,0.4616
1572,27,0.4793
1573,34,0.6036
1574,41,0.7279
1575,27,0.4793
1576,23,0.4083
1577,47,0.8344
1578,34,0.6036
1579,46,0.8167
1580,25,0.4438
1581,20,0.3551
1582,26,0.4616
1583,35,0.6214
1584,50,0.8877
1585,55,0.9764
1586,60,1.0652
1587,54,0.9587
1588,43,0.7634
1589,40,0.7101
1590,61,1.0829
1591,28,0.4971
1592,31,0.5504
1593,37,0.6569
1594,38,0.6746
1595,27,0.4793
1596,12,0.2130
1597,17,0.3018
1598,23,0.4083
1599,34,0.6036
1600,37,0.6569
1601,26,0.4616
1602,25,0.4438
1603,24,0.4261
1604,18,0.3196
1605,26,0.4616
1606,17,0.3018
1607,23,0.4083
1608,39,0.6924
1609,19,0.3373
1610,38,0.6746
1611,28,0.4971
1612,34,0.6036
1613,36,0.6391
1614,24,0.4261
1615,15,0.2663
1616,9,0.1598
1617,22,0.3906
1618,23,0.4083
1619,34,0.6036
1620,54,0.9587
1621,22,0.3906
1622,18,0.3196
1623,20,0.3551
1624,22,0.3906
1625,33,0.5859
1626,31,0.5504
1627,28,0.4971
1628,33,0.5859
1629,27,0.4793
1630,11,0.1953
1631,22,0.3906
1632,23,0.4083
1633,21,0.3728
1634,9,0.1598
1635,13,0.2308
1636,21,0.3728
1637,16,0.2841
1638,17,0.3018
1639,14,0.2485
1640,24,0.4261
1641,10,0.1775
1642,24,0.4261
1643,25,0.4438
1644,27,0.4793
1645,33,0.5859
1646,32,0.5681
1647,14,0.2485
1648,19,0.3373
1649,13,0.2308
1650,18,0.3196
1651,20,0.3551
1652,48,0.8522
1653,44,0.7811
1654,33,0.5859
1655,21,0.3728
1656,17,0.3018
1657,37,0.6569
1658,32,0.5681
1659,39,0.6924
1660,39,0.6924
1661,19,0.3373
1662,35,0.6214
1663,18,0.3196
1664,25,0.4438
1665,19,0.3373
1666,18,0.3196
1667,26,0.4616
1668,17,0.3018
1669,28,0.4971
1670,28,0.4971
1671,26,0.4616
1672,18,0.3196
1673,26,0.4616
1674,41,0.7279
1675,20,0.3551
1676,22,0.3906
1677,30,0.5326
1678,34,0.6036
1679,31,0.5504
1680,19,0.3373
1681,16,0.2841
1682,19,0.3373
1683,29,0.5148
1684,33,0.5859
1685,20,0.3551
1686,19,0.3373
1687,14,0.2485
1688,3,0.0533
1689,15,0.2663
1690,28,0.4971
1691,23,0.4083
1692,24,0.4261
1693,33,0.5859
1694,29,0.5148
1695,19,0.3373
1696,18,0.3196
1697,17,0.3018
1698,12,0.2130
1699,20,0.3551
1700,22,0.3906
1701,20,0.3551
1702,12,0.2130
1703,14,0.2485
1704,16,0.2841
1705,31,0.5504
1706,36,0.6391
1707,26,0.4616
1708,43,0.7634
1709,11,0.1953
1710,20,0.3551
1711,12,0.2130
1712,23,0.4083
1713,10,0.1775
1714,15,0.2663
1715,33,0.5859
1716,29,0.5148
1717,43,0.7634
1718,20,0.3551
1719,22,0.3906
1720,17,0.3018
1721,31,0.5504
1722,31,0.5504
1723,35,0.6214
1724,24,0.4261
1725,24,0.4261
1726,31,0.5504
1727,22,0.3906
1728,20,0.3551
1729,26,0.4616
1730,19,0.3373
1731,18,0.3196
1732,22,0.3906
1733,22,0.3906
1734,18,0.3196
1735,14,0.2485
1736,11,0.1953
1737,12,0.2130
1738,7,0.1243
1739,14,0.2485
1740,12,0.2130
1741,22,0.3906
1742,11,0.1953
1743,18,0.3196
1744,40,0.7101
1745,24,0.4261
1746,25,0.4438
1747,27,0.4793
1748,24,0.4261
1749,18,0.3196
1750,13,0.2308
1751,12,0.2130
1752,17,0.3018
1753,8,0.1420
1754,26,0.4616
1755,25,0.4438
1756,27,0.4793
1757,43,0.7634
1758,27,0.4793
1759,14,0.2485
1760,25,0.4438
1761,42,0.7456
1762,12,0.2130
1763,7,0.1243
1764,19,0.3373
1765,34,0.6036
1766,22,0.3906
1767,19,0.3373
1768,37,0.6569
1769,26,0.4616
1770,15,0.2663
1771,10,0.1775
1772,7,0.1243
1773,18,0.3196
1774,18,0.3196
1775,22,0.3906
1776,35,0.6214
1777,19,0.3373
1778,23,0.4083
1779,20,0.3551
1780,38,0.6746
1781,22,0.3906
1782,11,0.1953
1783,15,0.2663
1784,26,0.4616
1785,38,0.6746
1786,17,0.3018
1787,28,0.4971
1788,22,0.3906
1789,12,0.2130
1790,14,0.2485
1791,15,0.2663
1792,28,0.4971
1793,11,0.1953
1794,19,0.3373
1795,22,0.3906
1796,17,0.3018
1797,23,0.4083
1798,22,0.3906
1799,28,0.4971
1800,25,0.4438
1801,23,0.4083
1802,30,0.5326
1803,38,0.6746
1804,26,0.4616
1805,22,0.3906
1806,18,0.3196
1807,26,0.4616
1808,34,0.6036
1809,37,0.6569
1810,24,0.4261
1811,15,0.2663
1812,19,0.3373
1813,13,0.2308
1814,24,0.4261
1815,35,0.6214
1816,28,0.4971
1817,34,0.6036
1818,23,0.4083
1819,25,0.4438
1820,19,0.3373
1821,43,0.7634
1822,20,0.3551
1823,22,0.3906
1824,12,0.2130
1825,13,0.2308
1826,16,0.2841
1827,12,0.2130
1828,29,0.5148
1829,11,0.1953
1830,21,0.3728
1831,32,0.5681
1832,32,0.5681
1833,23,0.4083
1834,23,0.4083
1835,31,0.5504
1836,35,0.6214
1837,22,0.3906
1838,27,0.4793
1839,13,0.2308
1840,12,0.2130
1841,15,0.2663
1842,16,0.2841
1843,10,0.1775
1844,12,0.2130
1845,11,0.1953
1846,4,0.0710
1847,15,0.2663
1848,10,0.1775
1849,26,0.4616
1850,23,0.4083
1851,16,0.2841
1852,25,0.4438
1853,11,0.1953
1854,11,0.1953
1855,33,0.5859
1856,16,0.2841
1857,11,0.1953
1858,16,0.2841
1859,25,0.4438
1860,17,0.3018
1861,12,0.2130
1862,32,0.5681
1863,21,0.3728
1864,20,0.3551
1865,37,0.6569
1866,20,0.3551
1867,34,0.6036
1868,27,0.4793
1869,30,0.5326
1870,27,0.4793
1871,17,0.3018
1872,31,0.5504
1873,23,0.4083
1874,20,0.3551
1875,38,0.6746
1876,44,0.7811
1877,36,0.6391
1878,40,0.7101
1879,12,0.2130
1880,16,0.2841
1881,21,0.3728
1882,10,0.1775
1883,4,0.0710
1884,1,0.0178
1885,0,0.0000
1886,13,0.2308
1887,15,0.2663
1888,27,0.4793
1889,22,0.3906
1890,19,0.3373
1891,14,0.2485
1892,9,0.1598
1893,16,0.2841
1894,16,0.2841
1895,12,0.2130
1896,22,0.3906
1897,7,0.1243
1898,11,0.1953
1899,17,0.3018
1900,9,0.1598
1901,21,0.3728
1902,22,0.3906
1903,16,0.2841
1904,17,0.3018
1905,16,0.2841
1906,23,0.4083
1907,24,0.4261
1908,15,0.2663
1909,20,0.3551
1910,23,0.4083
1911,36,0.6391
1912,25,0.4438
1913,13,0.2308
1914,25,0.4438
1915,19,0.3373
1916,29,0.5148
1917,21,0.3728
1918,29,0.5148
1919,16,0.2841
1920,12,0.2130
1921,18,0.3196
1922,24,0.4261
1923,28,0.4971
1924,16,0.2841
1925,14,0.2485
1926,19,0.3373
1927,25,0.4438
1928,17,0.3018
1929,17,0.3018
1930,19,0.3373
1931,23,0.4083
1932,14,0.2485
1933,5,0.0888
1934,16,0.2841
1935,36,0.6391
1936,27,0.4793
1937,45,0.7989
1938,32,0.5681
1939,16,0.2841
1940,39,0.6924
1941,29,0.5148
1942,38,0.6746
1943,22,0.3906
1944,20,0.3551
1945,31,0.5504
1946,15,0.2663
1947,30,0.5326
1948,11,0.1953
1949,17,0.3018
1950,26,0.4616
1951,38,0.6746
1952,19,0.3373
1953,35,0.6214
1954,37,0.6569
1955,23,0.4083
1956,23,0.4083
1957,19,0.3373
1958,29,0.5148
1959,14,0.2485
1960,4,0.0710
1961,12,0.2130
1962,22,0.3906
1963,19,0.3373
1964,32,0.5681
1965,43,0.7634
1966,18,0.3196
1967,19,0.3373
1968,15,0.2663
1969,31,0.5504
1970,33,0.5859
1971,35,0.6214
1972,41,0.7279
1973,16,0.2841
1974,22,0.3906
1975,15,0.2663
1976,21,0.3728
1977,39,0.6924
1978,32,0.5681
1979,25,0.4438
1980,33,0.5859
1981,27,0.4793
1982,25,0.4438
1983,17,0.3018
1984,17,0.3018
1985,46,0.8167
1986,25,0.4438
1987,28,0.4971
1988,27,0.4793
1989,36,0.6391
1990,38,0.6746
1991,19,0.3373
1992,28,0.4971
1993,25,0.4438
1994,27,0.4793
1995,20,0.3551
1996,17,0.3018
1997,31,0.5504
1998,16,0.2841
1999,17,0.3018
2000,52,0.9232
2001,35,0.6214
2002,23,0.4083
2003,29,0.5148
2004,26,0.4616
2005,22,0.3906
2006,37,0.6569
2007,23,0.4083
2008,25,0.4438
2009,18,0.3196
2010,20,0.3551
2011,29,0.5148
2012,59,1.0474
2013,39,0.6924
2014,34,0.6036
2015,27,0.4793
2016,16,0.2841
2017,32,0.5681
2018,41,0.7279
2019,46,0.8167
2020,26,0.4616
2021,45,0.7989
2022,56,0.9942
2023,53,0.9409
2024,33,0.5859
2025,10,0.1775
2026,42,0.7456
2027,29,0.5148
2028,42,0.7456
2029,34,0.6036
2030,47,0.8344
2031,36,0.6391
2032,30,0.5326
2033,30,0.5326
2034,44,0.7811
2035,55,0.9764
2036,45,0.7989
2037,31,0.5504
2038,28,0.4971
2039,27,0.4793
2040,49,0.8699
2041,33,0.5859
2042,24,0.4261
2043,27,0.4793
2044,22,0.3906
2045,26,0.4616
2046,16,0.2841
2047,26,0.4616
2048,29,0.5148
2049,29,0.5148
2050,31,0.5504
2051,14,0.2485
2052,40,0.7101
2053,34,0.6036
2054,50,0.8877
2055,22,0.3906
2056,25,0.4438
2057,42,0.7456
2058,36,0.6391
2059,26,0.4616
2060,46,0.8167
2061,34,0.6036
2062,30,0.5326
2063,30,0.5326
2064,48,0.8522
2065,53,0.9409
2066,64,1.1362
2067,40,0.7101
2068,32,0.5681
2069,33,0.5859
2070,30,0.5326
2071,23,0.4083
2072,24,0.4261
2073,35,0.6214
2074,31,0.5504
2075,36,0.6391
2076,46,0.8167
2077,62,1.1007
2078,25,0.4438
2079,43,0.7634
2080,31,0.5504
2081,43,0.7634
2082,25,0.4438
2083,30,0.5326
2084,30,0.5326
2085,62,1.1007
2086,36,0.6391
2087,42,0.7456
2088,34,0.6036
2089,28,0.4971
2090,20,0.3551
2091,48,0.8522
2092,41,0.7279
2093,44,0.7811
2094,40,0.7101
2095,23,0.4083
2096,41,0.7279
2097,26,0.4616
2098,66,1.1717
2099,48,0.8522
2100,37,0.6569
2101,23,0.4083
2102,27,0.4793
2103,18,0.3196
2104,46,0.8167
2105,40,0.7101
2106,38,0.6746
2107,33,0.5859
2108,32,0.5681
2109,29,0.5148
2110,42,0.7456
2111,30,0.5326
2112,36,0.6391
2113,33,0.5859
2114,61,1.0829
2115,35,0.6214
2116,30,0.5326
2117,30,0.5326
2118,48,0.8522
2119,36,0.6391
2120,20,0.3551
2121,37,0.6569
2122,52,0.9232
2123,42,0.7456
2124,36,0.6391
2125,23,0.4083
2126,38,0.6746
2127,41,0.7279
2128,44,0.7811
2129,45,0.7989
2130,27,0.4793
2131,26,0.4616
2132,26,0.4616
2133,51,0.9054
2134,56,0.9942
2135,50,0.8877
2136,33,0.5859
2137,28,0.4971
2138,16,0.2841
2139,31,0.5504
2140,38,0.6746
2141,44,0.7811
2142,70,1.2427
2143,51,0.9054
2144,44,0.7811
2145,43,0.7634
2146,72,1.2782
2147,64,1.1362
2148,44,0.7811
2149,50,0.8877
2150,25,0.4438
2151,43,0.7634
2152,26,0.4616
2153,36,0.6391
2154,51,0.9054
2155,52,0.9232
2156,80,1.4203
2157,44,0.7811
2158,70,1.2427
2159,77,1.3670
2160,94,1.6688
2161,82,1.4558
2162,56,0.9942
2163,64,1.1362
2164,54,0.9587
2165,52,0.9232
2166,49,0.8699
2167,49,0.8699
2168,41,0.7279
2169,63,1.1185
2170,61,1.0829
2171,45,0.7989
2172,59,1.0474
2173,74,1.3137
2174,48,0.8522
2175,36,0.6391
2176,62,1.1007
2177,55,0.9764
2178,59,1.0474
2179,42,0.7456
2180,36,0.6391
2181,19,0.3373
2182,29,0.5148
2183,36,0.6391
2184,47,0.8344
2185,23,0.4083
2186,38,0.6746
2187,45,0.7989
2188,31,0.5504
2189,47,0.8344
2190,34,0.6036
2191,47,0.8344
2192,67,1.1895
2193,64,1.1362
2194,63,1.1185
2195,63,1.1185
2196,35,0.6214
2197,35,0.6214
2198,41,0.7279
2199,93,1.6511
2200,50,0.8877
2201,46,0.8167
2202,63,1.1185
2203,56,0.9942
2204,66,1.1717
2205,43,0.7634
2206,55,0.9764
2207,43,0.7634
2208,48,0.8522
2209,64,1.1362
2210,54,0.9587
2211,63,1.1185
2212,70,1.2427
2213,62,1.1007
2214,47,0.8344
2215,74,1.3137
2216,53,0.9409
2217,37,0.6569
2218,44,0.7811
2219,30,0.5326
2220,35,0.6214
2221,40,0.7101
2222,50,0.8877
2223,39,0.6924
2224,42,0.7456
2225,47,0.8344
2226,30,0.5326
2227,33,0.5859
2228,37,0.6569
2229,41,0.7279
2230,24,0.4261
2231,31,0.5504
2232,45,0.7989
2233,30,0.5326
2234,41,0.7279
2235,73,1.2960
2236,56,0.9942
2237,66,1.1717
2238,59,1.0474
2239,90,1.5978
2240,66,1.1717
2241,60,1.0652
2242,45,0.7989
2243,54,0.9587
2244,37,0.6569
2245,65,1.1540
2246,30,0.5326
2247,37,0.6569
2248,32,0.5681
2249,36,0.6391
2250,50,0.8877
2251,62,1.1007
2252,52,0.9232
2253,49,0.8699
2254,78,1.3848
2255,62,1.1007
2256,42,0.7456
2257,44,0.7811
2258,52,0.9232
2259,35,0.6214
2260,36,0.6391
2261,23,0.4083
2262,31,0.5504
2263,41,0.7279
2264,54,0.9587
2265,62,1.1007
2266,94,1.6688
2267,53,0.9409
2268,43,0.7634
2269,53,0.9409
2270,48,0.8522
2271,45,0.7989
2272,41,0.7279
2273,45,0.7989
2274,51,0.9054
2275,46,0.8167
2276,66,1.1717
2277,51,0.9054
2278,58,1.0297
2279,77,1.3670
2280,79,1.4025
2281,50,0.8877
2282,41,0.7279
2283,43,0.7634
2284,31,0.5504
2285,52,0.9232
2286,49,0.8699
2287,75,1.3315
2288,66,1.1717
2289,61,1.0829
2290,66,1.1717
2291,56,0.9942
2292,57,1.0119
2293,53,0.9409
2294,42,0.7456
2295,58,1.0297
2296,69,1.2250
2297,67,1.1895
2298,47,0.8344
2299,31,0.5504
2300,40,0.7101
2301,54,0.9587
2302,50,0.8877
2303,36,0.6391
2304,33,0.5859
2305,34,0.6036
2306,44,0.7811
2307,55,0.9764
2308,43,0.7634
2309,40,0.7101
2310,52,0.9232
2311,43,0.7634
2312,45,0.7989
2313,36,0.6391
2314,74,1.3137
2315,58,1.0297
2316,79,1.4025
2317,73,1.2960
2318,63,1.1185
2319,35,0.6214
2320,44,0.7811
2321,30,0.5326
2322,83,1.4735
2323,60,1.0652
2324,67,1.1895
2325,60,1.0652
2326,52,0.9232
2327,50,0.8877
2328,54,0.9587
2329,66,1.1717
2330,48,0.8522
2331,67,1.1895
2332,33,0.5859
2333,39,0.6924
2334,18,0.3196
2335,44,0.7811
2336,56,0.9942
2337,45,0.7989
2338,36,0.6391
2339,31,0.5504
2340,34,0.6036
2341,48,0.8522
2342,30,0.5326
2343,43,0.7634
2344,48,0.8522
2345,48,0.8522
2346,62,1.1007
2347,62,1.1007
2348,54,0.9587
2349,55,0.9764
2350,62,1.1007
2351,71,1.2605
2352,46,0.8167
2353,45,0.7989
2354,54,0.9587
2355,31,0.5504
2356,33,0.5859
2357,39,0.6924
2358,31,0.5504
2359,40,0.7101
2360,79,1.4025
2361,74,1.3137
2362,36,0.6391
2363,45,0.7989
2364,48,0.8522
2365,56,0.9942
2366,57,1.0119
2367,56,0.9942
2368,26,0.4616
2369,48,0.8522
2370,26,0.4616
2371,28,0.4971
2372,36,0.6391
2373,41,0.7279
2374,49,0.8699
2375,48,0.8522
2376,43,0.7634
2377,59,1.0474
2378,56,0.9942
2379,42,0.7456
2380,30,0.5326
2381,45,0.7989
2382,35,0.6214
2383,48,0.8522
2384,35,0.6214
2385,32,0.5681
2386,38,0.6746
2387,35,0.6214
2388,30,0.5326
2389,36,0.6391
2390,64,1.1362
2391,44,0.7811
2392,54,0.9587
2393,54,0.9587
2394,56,0.9942
2395,40,0.7101
2396,51,0.9054
2397,22,0.3906
2398,57,1.0119
2399,43,0.7634
2400,30,0.5326
2401,32,0.5681
2402,32,0.5681
2403,51,0.9054
2404,38,0.6746
2405,60,1.0652
2406,67,1.1895
2407,36,0.6391
2408,68,1.2072
2409,38,0.6746
2410,50,0.8877
2411,36,0.6391
2412,38,0.6746
2413,42,0.7456
2414,42,0.7456
2415,62,1.1007
2416,55,0.9764
2417,48,0.8522
2418,70,1.2427
2419,37,0.6569
2420,56,0.9942
2421,45,0.7989
2422,46,0.8167
2423,33,0.5859
2424,67,1.1895
2425,56,0.9942
2426,58,1.0297
2427,63,1.1185
2428,61,1.0829
2429,53,0.9409
2430,72,1.2782
2431,40,0.7101
2432,59,1.0474
2433,38,0.6746
2434,57,1.0119
2435,39,0.6924
2436,58,1.0297
2437,49,0.8699
2438,67,1.1895
2439,60,1.0652
2440,64,1.1362
2441,45,0.7989
2442,62,1.1007
2443,50,0.8877
2444,56,0.9942
2445,50,0.8877
2446,43,0.7634
2447,37,0.6569
2448,37,0.6569
2449,64,1.1362
2450,42,0.7456
2451,56,0.9942
2452,40,0.7101
2453,55,0.9764
2454,72,1.2782
2455,93,1.6511
2456,75,1.3315
2457,75,1.3315
2458,63,1.1185
2459,67,1.1895
2460,69,1.2250
2461,113,2.0061
2462,91,1.6155
2463,48,0.8522
2464,69,1.2250
2465,73,1.2960
2466,74,1.3137
2467,56,0.9942
2468,95,1.6866
2469,62,1.1007
2470,79,1.4025
2471,51,0.9054
2472,39,0.6924
2473,68,1.2072
2474,59,1.0474
2475,63,1.1185
2476,58,1.0297
2477,75,1.3315
2478,66,1.1717
2479,75,1.3315
2480,58,1.0297
2481,62,1.1007
2482,53,0.9409
2483,46,0.8167
2484,37,0.6569
2485,78,1.3848
2486,50,0.8877
2487,41,0.7279
2488,58,1.0297
2489,64,1.1362
2490,46,0.8167
2491,83,1.4735
2492,68,1.2072
2493,42,0.7456
2494,48,0.8522
2495,57,1.0119
2496,37,0.6569
2497,24,0.4261
2498,42,0.7456
2499,50,0.8877
2500,46,0.8167
2501,56,0.9942
2502,69,1.2250
2503,35,0.6214
2504,48,0.8522
2505,76,1.3492
2506,42,0.7456
2507,47,0.8344
2508,68,1.2072
2509,58,1.0297
2510,61,1.0829
2511,50,0.8877
2512,57,1.0119
2513,65,1.1540
2514,80,1.4203
2515,59,1.0474
2516,58,1.0297
2517,61,1.0829
2518,32,0.5681
2519,42,0.7456
2520,54,0.9587
2521,59,1.0474
2522,44,0.7811
2523,44,0.7811
2524,75,1.3315
2525,57,1.0119
2526,47,0.8344
2527,61,1.0829
2528,68,1.2072
2529,65,1.1540
2530,47,0.8344
2531,46,0.8167
2532,45,0.7989
2533,42,0.7456
2534,28,0.4971
2535,26,0.4616
2536,42,0.7456
2537,46,0.8167
2538,53,0.9409
2539,59,1.0474
2540,81,1.4380
2541,67,1.1895
2542,47,0.8344
2543,69,1.2250
2544,58,1.0297
2545,71,1.2605
2546,40,0.7101
2547,86,1.5268
2548,77,1.3670
2549,63,1.1185
2550,78,1.3848
2551,46,0.8167
2552,69,1.2250
2553,58,1.0297
2554,37,0.6569
2555,56,0.9942
2556,34,0.6036
2557,37,0.6569
2558,55,0.9764
2559,59,1.0474
2560,53,0.9409
2561,47,0.8344
2562,60,1.0652
2563,62,1.1007
2564,50,0.8877
2565,51,0.9054
2566,33,0.5859
2567,56,0.9942
2568,58,1.0297
2569,49,0.8699
2570,46,0.8167
2571,54,0.9587
2572,33,0.5859
2573,65,1.1540
2574,57,1.0119
2575,48,0.8522
2576,37,0.6569
2577,33,0.5859
2578,41,0.7279
2579,57,1.0119
2580,43,0.7634
2581,57,1.0119
2582,40,0.7101
2583,66,1.1717
2584,71,1.2605
2585,77,1.3670
2586,80,1.4203
2587,68,1.2072
2588,62,1.1007
2589,51,0.9054
2590,43,0.7634
2591,38,0.6746
2592,45,0.7989
2593,46,0.8167
2594,30,0.5326
2595,23,0.4083
2596,30,0.5326
2597,56,0.9942
2598,40,0.7101
2599,34,0.6036
2600,48,0.8522
2601,21,0.3728
2602,39,0.6924
2603,29,0.5148
2604,32,0.5681
2605,49,0.8699
2606,54,0.9587
2607,29,0.5148
2608,35,0.6214
2609,63,1.1185
2610,44,0.7811
2611,36,0.6391
2612,55,0.9764
2613,37,0.6569
2614,62,1.1007
2615,33,0.5859
2616,37,0.6569
2617,36,0.6391
2618,62,1.1007
2619,75,1.3315
2620,59,1.0474
2621,60,1.0652
2622,39,0.6924
2623,49,0.8699
2624,30,0.5326
2625,58,1.0297
2626,36,0.6391
2627,46,0.8167
2628,40,0.7101
2629,37,0.6569
2630,44,0.7811
2631,60,1.0652
2632,43,0.7634
2633,51,0.9054
2634,36,0.6391
2635,56,0.9942
2636,41,0.7279
2637,45,0.7989
2638,45,0.7989
2639,39,0.6924
2640,59,1.0474
2641,78,1.3848
2642,76,1.3492
2643,49,0.8699
2644,69,1.2250
2645,58,1.0297
2646,61,1.0829
2647,70,1.2427
2648,42,0.7456
2649,57,1.0119
2650,43,0.7634
2651,37,0.6569
2652,41,0.7279
2653,32,0.5681
2654,45,0.7989
2655,44,0.7811
2656,50,0.8877
2657,51,0.9054
2658,45,0.7989
2659,26,0.4616
2660,48,0.8522
2661,48,0.8522
2662,52,0.9232
2663,61,1.0829
2664,29,0.5148
2665,49,0.8699
2666,52,0.9232
2667,43,0.7634
2668,71,1.2605
2669,53,0.9409
2670,55,0.9764
2671,55,0.9764
2672,37,0.6569
2673,42,0.7456
2674,37,0.6569
2675,57,1.0119
2676,39,0.6924
2677,70,1.2427
2678,47,0.8344
2679,62,1.1007
2680,35,0.6214
2681,45,0.7989
2682,57,1.0119
2683,49,0.8699
2684,20,0.3551
2685,12,0.2130
2686,50,0.8877
2687,39,0.6924
2688,53,0.9409
2689,58,1.0297
2690,50,0.8877
2691,48,0.8522
2692,51,0.9054
2693,48,0.8522
2694,69,1.2250
2695,55,0.9764
2696,58,1.0297
2697,55,0.9764
2698,32,0.5681
2699,37,0.6569
2700,53,0.9409
2701,45,0.7989
2702,57,1.0119
2703,54,0.9587
2704,65,1.1540
2705,67,1.1895
2706,71,1.2605
2707,53,0.9409
2708,78,1.3848
2709,54,0.9587
2710,42,0.7456
2711,40,0.7101
2712,71,1.2605
2713,60,1.0652
2714,57,1.0119
2715,44,0.7811
2716,66,1.1717
2717,46,0.8167
2718,49,0.8699
2719,47,0.8344
2720,31,0.5504
2721,31,0.5504
2722,39,0.6924
2723,48,0.8522
2724,54,0.9587
2725,62,1.1007
2726,54,0.9587
2727,38,0.6746
2728,55,0.9764
2729,45,0.7989
2730,62,1.1007
2731,67,1.1895
2732,66,1.1717
2733,71,1.2605
2734,79,1.4025
2735,63,1.1185
2736,48,0.8522
2737,59,1.0474
2738,62,1.1007
2739,69,1.2250
2740,83,1.4735
2741,52,0.9232
2742,67,1.1895
2743,51,0.9054
2744,69,1.2250
2745,70,1.2427
2746,78,1.3848
2747,77,1.3670
2748,73,1.2960
2749,57,1.0119
2750,34,0.6036
2751,57,1.0119
2752,54,0.9587
2753,41,0.7279
2754,39,0.6924
2755,33,0.5859
2756,32,0.5681
2757,45,0.7989
2758,74,1.3137
2759,73,1.2960
2760,68,1.2072
2761,83,1.4735
2762,76,1.3492
2763,52,0.9232
2764,40,0.7101
2765,64,1.1362
2766,49,0.8699
2767,44,0.7811
2768,40,0.7101
2769,45,0.7989
2770,57,1.0119
2771,49,0.8699
2772,49,0.8699
2773,33,0.5859
2774,29,0.5148
2775,49,0.8699
2776,68,1.2072
2777,79,1.4025
2778,63,1.1185
2779,60,1.0652
2780,69,1.2250
2781,75,1.3315
2782,53,0.9409
2783,67,1.1895
2784,49,0.8699
2785,70,1.2427
2786,54,0.9587
2787,60,1.0652
2788,38,0.6746
2789,38,0.6746
2790,48,0.8522
2791,68,1.2072
2792,57,1.0119
2793,43,0.7634
2794,74,1.3137
2795,83,1.4735
2796,64,1.1362
2797,30,0.5326
2798,70,1.2427
2799,69,1.2250
2800,62,1.1007
2801,60,1.0652
2802,77,1.3670
2803,81,1.4380
2804,56,0.9942
2805,79,1.4025
2806,76,1.3492
2807,91,1.6155
2808,96,1.7043
2809,62,1.1007
2810,56,0.9942
2811,65,1.1540
2812,61,1.0829
2813,54,0.9587
2814,84,1.4913
2815,91,1.6155
2816,88,1.5623
2817,81,1.4380
2818,65,1.1540
2819,69,1.2250
2820,99,1.7576
2821,66,1.1717
2822,78,1.3848
2823,102,1.8108
2824,89,1.5800
2825,72,1.2782
2826,76,1.3492
2827,58,1.0297
2828,49,0.8699
2829,83,1.4735
2830,58,1.0297
2831,113,2.0061
2832,64,1.1362
2833,94,1.6688
2834,61,1.0829
2835,57,1.0119
2836,43,0.7634
2837,83,1.4735
2838,59,1.0474
2839,68,1.2072
2840,73,1.2960
2841,80,1.4203
2842,55,0.9764
2843,49,0.8699
2844,55,0.9764
2845,79,1.4025
2846,77,1.3670
2847,73,1.2960
2848,74,1.3137
2849,53,0.9409
2850,46,0.8167
2851,47,0.8344
2852,45,0.7989
2853,49,0.8699
2854,56,0.9942
2855,48,0.8522
2856,54,0.9587
2857,52,0.9232
2858,55,0.9764
2859,72,1.2782
2860,70,1.2427
2861,68,1.2072
2862,79,1.4025
2863,44,0.7811
2864,62,1.1007
2865,36,0.6391
2866,48,0.8522
2867,39,0.6924
2868,54,0.9587
2869,60,1.0652
2870,62,1.1007
2871,73,1.2960
2872,44,0.7811
2873,55,0.9764
2874,38,0.6746
2875,41,0.7279
2876,36,0.6391
2877,37,0.6569
2878,51,0.9054
2879,53,0.9409
2880,26,0.4616
2881,28,0.4971
2882,49,0.8699
2883,47,0.8344
2884,49,0.8699
2885,41,0.7279
2886,49,0.8699
2887,72,1.2782
2888,37,0.6569
2889,52,0.9232
2890,35,0.6214
2891,53,0.9409
2892,48,0.8522
2893,46,0.8167
2894,55,0.9764
2895,58,1.0297
2896,71,1.2605
2897,63,1.1185
2898,76,1.3492
2899,45,0.7989
2900,61,1.0829
2901,42,0.7456
2902,50,0.8877
2903,62,1.1007
2904,81,1.4380
2905,95,1.6866
2906,36,0.6391
2907,46,0.8167
2908,61,1.0829
2909,39,0.6924
2910,48,0.8522
2911,69,1.2250
2912,46,0.8167
2913,74,1.3137
2914,70,1.2427
2915,57,1.0119
2916,44,0.7811
2917,41,0.7279
2918,38,0.6746
2919,28,0.4971
2920,45,0.7989
2921,43,0.7634
2922,28,0.4971
2923,50,0.8877
2924,39,0.6924
2925,41,0.7279
2926,59,1.0474
2927,27,0.4793
2928,42,0.7456
2929,42,0.7456
2930,40,0.7101
2931,37,0.6569
2932,53,0.9409
2933,40,0.7101
2934,41,0.7279
2935,70,1.2427
2936,40,0.7101
2937,59,1.0474
2938,65,1.1540
2939,67,1.1895
2940,35,0.6214
2941,50,0.8877
2942,38,0.6746
2943,46,0.8167
2944,35,0.6214
2945,8,0.1420
2946,30,0.5326
2947,29,0.5148
2948,34,0.6036
2949,40,0.7101
2950,41,0.7279
2951,69,1.2250
2952,52,0.9232
2953,33,0.5859
2954,38,0.6746
2955,56,0.9942
2956,48,0.8522
2957,43,0.7634
2958,33,0.5859
2959,32,0.5681
2960,45,0.7989
2961,41,0.7279
2962,56,0.9942
2963,52,0.9232
2964,40,0.7101
2965,45,0.7989
2966,40,0.7101
2967,44,0.7811
2968,33,0.5859
2969,37,0.6569
2970,30,0.5326
2971,51,0.9054
2972,61,1.0829
2973,45,0.7989
2974,26,0.4616
2975,49,0.8699
2976,47,0.8344
2977,28,0.4971
2978,51,0.9054
2979,37,0.6569
2980,61,1.0829
2981,48,0.8522
2982,47,0.8344
2983,24,0.4261
2984,38,0.6746
2985,23,0.4083
2986,38,0.6746
2987,40,0.7101
2988,28,0.4971
2989,35,0.6214
2990,29,0.5148
2991,22,0.3906
2992,26,0.4616
2993,27,0.4793
2994,19,0.3373
2995,25,0.4438
2996,49,0.8699
2997,50,0.8877
2998,52,0.9232
2999,66,1.1717
3000,37,0.6569
3001,50,0.8877
3002,29,0.5148
3003,52,0.9232
3004,57,1.0119
3005,36,0.6391
3006,23,0.4083
3007,30,0.5326
3008,38,0.6746
3009,28,0.4971
3010,32,0.5681
3011,31,0.5504
3012,41,0.7279
3013,53,0.9409
3014,41,0.7279
3015,47,0.8344
3016,48,0.8522
3017,64,1.1362
3018,58,1.0297
3019,66,1.1717
3020,39,0.6924
3021,27,0.4793
3022,32,0.5681
3023,24,0.4261
3024,34,0.6036
3025,25,0.4438
3026,23,0.4083
3027,35,0.6214
3028,34,0.6036
3029,23,0.4083
3030,16,0.2841
3031,24,0.4261
3032,11,0.1953
3033,27,0.4793
3034,18,0.3196
3035,32,0.5681
3036,43,0.7634
3037,37,0.6569
3038,38,0.6746
3039,53,0.9409
3040,41,0.7279
3041,49,0.8699
3042,43,0.7634
3043,33,0.5859
3044,26,0.4616
3045,31,0.5504
3046,32,0.5681
3047,33,0.5859
3048,31,0.5504
3049,41,0.7279
3050,38,0.6746
3051,28,0.4971
3052,38,0.6746
3053,32,0.5681
3054,39,0.6924
3055,34,0.6036
3056,66,1.1717
3057,40,0.7101
3058,51,0.9054
3059,23,0.4083
3060,23,0.4083
3061,39,0.6924
3062,31,0.5504
3063,16,0.2841
3064,30,0.5326
3065,22,0.3906
3066,28,0.4971
3067,23,0.4083
3068,14,0.2485
3069,24,0.4261
3070,42,0.7456
3071,39,0.6924
3072,31,0.5504
3073,31,0.5504
3074,35,0.6214
3075,27,0.4793
3076,36,0.6391
3077,25,0.4438
3078,34,0.6036
3079,24,0.4261
3080,21,0.3728
3081,31,0.5504
3082,33,0.5859
3083,56,0.9942
3084,24,0.4261
3085,36,0.6391
3086,39,0.6924
3087,22,0.3906
3088,25,0.4438
3089,20,0.3551
3090,21,0.3728
3091,31,0.5504
3092,35,0.6214
3093,27,0.4793
3094,26,0.4616
3095,45,0.7989
3096,43,0.7634
3097,50,0.8877
3098,52,0.9232
3099,36,0.6391
3100,40,0.7101
3101,49,0.8699
3102,43,0.7634
3103,38,0.6746
3104,42,0.7456
3105,45,0.7989
3106,48,0.8522
3107,46,0.8167
3108,18,0.3196
3109,35,0.6214
3110,42,0.7456
3111,34,0.6036
3112,34,0.6036
3113,27,0.4793
3114,42,0.7456
3115,49,0.8699
3116,34,0.6036
3117,33,0.5859
3118,53,0.9409
3119,42,0.7456
3120,32,0.5681
3121,34,0.6036
3122,24,0.4261
3123,23,0.4083
3124,51,0.9054
3125,36,0.6391
3126,32,0.5681
3127,18,0.3196
3128,30,0.5326
3129,16,0.2841
3130,28,0.4971
3131,34,0.6036
3132,27,0.4793
3133,14,0.2485
3134,30,0.5326
3135,21,0.3728
3136,38,0.6746
3137,21,0.3728
3138,37,0.6569
3139,27,0.4793
3140,29,0.5148
3141,23,0.4083
3142,29,0.5148
3143,45,0.7989
3144,31,0.5504
3145,29,0.5148
3146,20,0.3551
3147,19,0.3373
3148,26,0.4616
3149,19,0.3373
3150,22,0.3906
3151,27,0.4793
3152,16,0.2841
3153,24,0.4261
3154,30,0.5326
3155,17,0.3018
3156,14,0.2485
3157,18,0.3196
3158,21,0.3728
3159,15,0.2663
3160,29,0.5148
3161,13,0.2308
3162,19,0.3373
3163,21,0.3728
3164,11,0.1953
3165,10,0.1775
3166,13,0.2308
3167,21,0.3728
3168,21,0.3728
3169,14,0.2485
3170,32,0.5681
3171,44,0.7811
3172,41,0.7279
3173,42,0.7456
3174,22,0.3906
3175,35,0.6214
3176,21,0.3728
3177,42,0.7456
3178,19,0.3373
3179,22,0.3906
3180,16,0.2841
3181,32,0.5681
3182,40,0.7101
3183,17,0.3018
3184,26,0.4616
3185,16,0.2841
3186,31,0.5504
3187,22,0.3906
3188,13,0.2308
3189,24,0.4261
3190,31,0.5504
3191,39,0.6924
3192,32,0.5681
3193,18,0.3196
3194,39,0.6924
3195,20,0.3551
3196,23,0.4083
3197,15,0.2663
3198,39,0.6924
3199,21,0.3728
3200,20,0.3551
3201,32,0.5681
3202,18,0.3196
3203,23,0.4083
3204,14,0.2485
3205,20,0.3551
3206,25,0.4438
3207,33,0.5859
3208,43,0.7634
3209,42,0.7456
3210,34,0.6036
3211,35,0.6214
3212,32,0.5681
3213,26,0.4616
3214,24,0.4261
3215,28,0.4971
3216,26,0.4616
3217,19,0.3373
3218,39,0.6924
3219,26,0.4616
3220,41,0.7279
3221,35,0.6214
3222,34,0.6036
3223,28,0.4971
3224,30,0.5326
3225,17,0.3018
3226,32,0.5681
3227,48,0.8522
3228,32,0.5681
3229,27,0.4793
3230,40,0.7101
3231,31,0.5504
3232,40,0.7101
3233,39,0.6924
3234,48,0.8522
3235,27,0.4793
3236,29,0.5148
3237,39,0.6924
3238,35,0.6214
3239,25,0.4438
3240,23,0.4083
3241,28,0.4971
3242,32,0.5681
3243,41,0.7279
3244,31,0.5504
3245,13,0.2308
3246,21,0.3728
3247,19,0.3373
3248,21,0.3728
3249,37,0.6569
3250,28,0.4971
3251,31,0.5504
3252,41,0.7279
3253,40,0.7101
3254,38,0.6746
3255,29,0.5148
3256,22,0.3906
3257,25,0.4438
3258,6,0.1065
3259,15,0.2663
3260,10,0.1775
3261,34,0.6036
3262,27,0.4793
3263,28,0.4971
3264,21,0.3728
3265,27,0.4793
3266,43,0.7634
3267,9,0.1598
3268,36,0.6391
3269,36,0.6391
3270,30,0.5326
3271,29,0.5148
3272,31,0.5504
3273,38,0.6746
3274,47,0.8344
3275,31,0.5504
3276,35,0.6214
3277,29,0.5148
3278,21,0.3728
3279,8,0.1420
3280,17,0.3018
3281,21,0.3728
3282,22,0.3906
3283,20,0.3551
3284,25,0.4438
3285,19,0.3373
3286,23,0.4083
3287,21,0.3728
3288,22,0.3906
3289,18,0.3196
3290,31,0.5504
3291,52,0.9232
3292,46,0.8167
3293,49,0.8699
3294,27,0.4793
3295,45,0.7989
3296,34,0.6036
3297,33,0.5859
3298,34,0.6036
3299,33,0.5859
3300,51,0.9054
3301,47,0.8344
3302,45,0.7989
3303,46,0.8167
3304,47,0.8344
3305,30,0.5326
3306,42,0.7456
3307,26,0.4616
3308,43,0.7634
3309,67,1.1895
3310,56,0.9942
3311,54,0.9587
3312,47,0.8344
3313,41,0.7279
3314,40,0.7101
3315,58,1.0297
3316,38,0.6746
3317,41,0.7279
3318,42,0.7456
3319,44,0.7811
3320,58,1.0297
3321,41,0.7279
3322,58,1.0297
3323,34,0.6036
3324,34,0.6036
3325,37,0.6569
3326,37,0.6569
3327,53,0.9409
3328,36,0.6391
3329,51,0.9054
3330,52,0.9232
3331,63,1.1185
3332,36,0.6391
3333,48,0.8522
3334,57,1.0119
3335,37,0.6569
3336,61,1.0829
3337,76,1.3492
3338,43,0.7634
3339,46,0.8167
3340,41,0.7279
3341,44,0.7811
3342,69,1.2250
3343,53,0.9409
3344,67,1.1895
3345,46,0.8167
3346,45,0.7989
3347,61,1.0829
3348,62,1.1007
3349,62,1.1007
3350,58,1.0297
3351,44,0.7811
3352,45,0.7989
3353,31,0.5504
3354,47,0.8344
3355,39,0.6924
3356,41,0.7279
3357,43,0.7634
3358,71,1.2605
3359,30,0.5326
3360,47,0.8344
3361,41,0.7279
3362,54,0.9587
3363,59,1.0474
3364,84,1.4913
3365,60,1.0652
3366,71,1.2605
3367,60,1.0652
3368,59,1.0474
3369,67,1.1895
3370,50,0.8877
3371,72,1.2782
3372,67,1.1895
3373,58,1.0297
3374,50,0.8877
3375,44,0.7811
3376,36,0.6391
3377,32,0.5681
3378,9,0.1598
3379,29,0.5148
3380,48,0.8522
3381,44,0.7811
3382,62,1.1007
3383,99,1.7576
3384,46,0.8167
3385,62,1.1007
3386,59,1.0474
3387,62,1.1007
3388,69,1.2250
3389,64,1.1362
3390,76,1.3492
3391,56,0.9942
3392,81,1.4380
3393,74,1.3137
3394,45,0.7989
3395,66,1.1717
3396,67,1.1895
3397,63,1.1185
3398,67,1.1895
3399,85,1.5090
3400,84,1.4913
3401,52,0.9232
3402,53,0.9409
3403,36,0.6391
3404,56,0.9942
3405,67,1.1895
3406,44,0.7811
3407,55,0.9764
3408,67,1.1895
3409,65,1.1540
3410,59,1.0474
3411,79,1.4025
3412,85,1.5090
3413,80,1.4203
3414,64,1.1362
3415,102,1.8108
3416,72,1.2782
3417,82,1.4558
3418,43,0.7634
3419,83,1.4735
3420,61,1.0829
3421,56,0.9942
3422,81,1.4380
3423,85,1.5090
3424,63,1.1185
3425,78,1.3848
3426,101,1.7931
3427,71,1.2605
3428,61,1.0829
3429,54,0.9587
3430,73,1.2960
3431,68,1.2072
3432,88,1.5623
3433,84,1.4913
3434,30,0.5326
3435,21,0.3728
3436,56,0.9942
3437,66,1.1717
3438,30,0.5326
3439,82,1.4558
3440,62,1.1007
3441,64,1.1362
3442,69,1.2250
3443,98,1.7398
3444,75,1.3315
3445,86,1.5268
3446,88,1.5623
3447,90,1.5978
3448,80,1.4203
3449,61,1.0829
3450,110,1.9529
3451,102,1.8108
3452,84,1.4913
3453,84,1.4913
3454,103,1.8286
3455,95,1.6866
3456,96,1.7043
3457,105,1.8641
3458,118,2.0949
3459,89,1.5800
3460,108,1.9174
3461,64,1.1362
3462,77,1.3670
3463,60,1.0652
3464,60,1.0652
3465,96,1.7043
3466,103,1.8286
3467,148,2.6275
3468,106,1.8818
3469,54,0.9587
3470,104,1.8463
3471,101,1.7931
3472,87,1.5445
3473,99,1.7576
3474,63,1.1185
3475,77,1.3670
3476,82,1.4558
3477,121,2.1481
3478,60,1.0652
3479,72,1.2782
3480,38,0.6746
3481,56,0.9942
3482,74,1.3137
3483,70,1.2427
3484,85,1.5090
3485,72,1.2782
3486,63,1.1185
3487,60,1.0652
3488,60,1.0652
3489,45,0.7989
3490,76,1.3492
3491,55,0.9764
3492,94,1.6688
3493,90,1.5978
3494,97,1.7221
3495,72,1.2782
3496,102,1.8108
3497,107,1.8996
3498,78,1.3848
3499,99,1.7576
3500,91,1.6155
3501,111,1.9706
3502,91,1.6155
3503,99,1.7576
3504,92,1.6333
3505,79,1.4025
3506,64,1.1362
3507,78,1.3848
3508,90,1.5978
3509,71,1.2605
3510,95,1.6866
3511,67,1.1895
3512,63,1.1185
3513,65,1.1540
3514,62,1.1007
3515,65,1.1540
3516,74,1.3137
3517,76,1.3492
3518,64,1.1362
3519,95,1.6866
3520,73,1.2960
3521,41,0.7279
3522,40,0.7101
3523,30,0.5326
3524,53,0.9409
3525,98,1.7398
3526,65,1.1540
3527,55,0.9764
3528,73,1.2960
3529,75,1.3315
3530,97,1.7221
3531,116,2.0594
3532,72,1.2782
3533,72,1.2782
3534,59,1.0474
3535,102,1.8108
3536,66,1.1717
3537,106,1.8818
3538,66,1.1717
3539,85,1.5090
3540,105,1.8641
3541,81,1.4380
3542,74,1.3137
3543,50,0.8877
3544,80,1.4203
3545,104,1.8463
3546,98,1.7398
3547,77,1.3670
3548,68,1.2072
3549,80,1.4203
3550,107,1.8996
3551,63,1.1185
3552,64,1.1362
3553,79,1.4025
3554,87,1.5445
3555,86,1.5268
3556,95,1.6866
3557,120,2.1304
3558,121,2.1481
3559,83,1.4735
3560,96,1.7043
3561,111,1.9706
3562,69,1.2250
3563,82,1.4558
3564,56,0.9942
3565,51,0.9054
3566,77,1.3670
3567,76,1.3492
3568,72,1.2782
3569,94,1.6688
3570,112,1.9884
3571,72,1.2782
3572,87,1.5445
3573,77,1.3670
3574,67,1.1895
3575,84,1.4913
3576,101,1.7931
3577,101,1.7931
3578,80,1.4203
3579,76,1.3492
3580,68,1.2072
3581,55,0.9764
3582,82,1.4558
3583,42,0.7456
3584,66,1.1717
3585,81,1.4380
3586,69,1.2250
3587,60,1.0652
3588,77,1.3670
3589,69,1.2250
3590,51,0.9054
3591,67,1.1895
3592,85,1.5090
3593,51,0.9054
3594,81,1.4380
3595,73,1.2960
3596,80,1.4203
3597,96,1.7043
3598,115,2.0416
3599,60,1.0652
3600,70,1.2427
3601,78,1.3848
3602,63,1.1185
3603,55,0.9764
3604,100,1.7753
3605,92,1.6333
3606,86,1.5268
3607,69,1.2250
3608,79,1.4025
3609,93,1.6511
3610,70,1.2427
3611,48,0.8522
3612,39,0.6924
3613,91,1.6155
3614,87,1.5445
3615,103,1.8286
3616,69,1.2250
3617,92,1.6333
3618,80,1.4203
3619,84,1.4913
3620,104,1.8463
3621,110,1.9529
3622,84,1.4913
3623,86,1.5268
3624,97,1.7221
3625,120,2.1304
3626,104,1.8463
3627,79,1.4025
3628,116,2.0594
3629,96,1.7043
3630,73,1.2960
3631,149,2.6452
3632,112,1.9884
3633,99,1.7576
3634,83,1.4735
3635,98,1.7398
3636,83,1.4735
3637,79,1.4025
3638,76,1.3492
3639,98,1.7398
3640,92,1.6333
3641,95,1.6866
3642,80,1.4203
3643,76,1.3492
3644,75,1.3315
3645,86,1.5268
3646,87,1.5445
3647,87,1.5445
3648,65,1.1540
3649,111,1.9706
3650,97,1.7221
3651,74,1.3137
3652,106,1.8818
3653,139,2.4677
3654,158,2.8050
3655,151,2.6807
3656,116,2.0594
3657,131,2.3257
3658,118,2.0949
3659,97,1.7221
3660,122,2.1659
3661,128,2.2724
3662,91,1.6155
3663,110,1.9529
3664,86,1.5268
3665,45,0.7989
3666,80,1.4203
3667,66,1.1717
3668,142,2.5210
3669,132,2.3434
3670,120,2.1304
3671,106,1.8818
3672,74,1.3137
3673,54,0.9587
3674,89,1.5800
3675,91,1.6155
3676,62,1.1007
3677,94,1.6688
3678,104,1.8463
3679,90,1.5978
3680,87,1.5445
3681,111,1.9706
3682,120,2.1304
3683,65,1.1540
3684,84,1.4913
3685,76,1.3492
3686,135,2.3967
3687,98,1.7398
3688,146,2.5920
3689,79,1.4025
3690,62,1.1007
3691,93,1.6511
3692,92,1.6333
3693,104,1.8463
3694,117,2.0771
3695,110,1.9529
3696,143,2.5387
3697,116,2.0594
3698,97,1.7221
3699,111,1.9706
3700,128,2.2724
3701,79,1.4025
3702,80,1.4203
3703,101,1.7931
3704,93,1.6511
3705,132,2.3434
3706,112,1.9884
3707,110,1.9529
3708,65,1.1540
3709,106,1.8818
3710,104,1.8463
3711,92,1.6333
3712,115,2.0416
3713,99,1.7576
3714,96,1.7043
3715,125,2.2192
3716,139,2.4677
3717,110,1.9529
3718,112,1.9884
3719,90,1.5978
3720,77,1.3670
3721,114,2.0239
3722,82,1.4558
3723,132,2.3434
3724,106,1.8818
3725,94,1.6688
3726,112,1.9884
3727,85,1.5090
3728,119,2.1126
3729,58,1.0297
3730,92,1.6333
3731,114,2.0239
3732,108,1.9174
3733,112,1.9884
3734,107,1.8996
3735,94,1.6688
3736,110,1.9529
3737,98,1.7398
3738,109,1.9351
3739,99,1.7576
3740,108,1.9174
3741,122,2.1659
3742,119,2.1126
3743,135,2.3967
3744,125,2.2192
3745,87,1.5445
3746,114,2.0239
3747,66,1.1717
3748,87,1.5445
3749,76,1.3492
3750,74,1.3137
3751,72,1.2782
3752,95,1.6866
3753,50,0.8877
3754,71,1.2605
3755,64,1.1362
3756,72,1.2782
3757,84,1.4913
3758,88,1.5623
3759,66,1.1717
3760,79,1.4025
3761,62,1.1007
3762,54,0.9587
3763,47,0.8344
3764,49,0.8699
3765,92,1.6333
3766,78,1.3848
3767,93,1.6511
3768,70,1.2427
3769,83,1.4735
3770,105,1.8641
3771,69,1.2250
3772,13,0.2308
3773,34,0.6036
3774,172,3.0536
3775,136,2.4144
3776,118,2.0949
3777,133,2.3612
3778,115,2.0416
3779,116,2.0594
3780,114,2.0239
3781,75,1.3315
3782,91,1.6155
3783,131,2.3257
3784,108,1.9174
3785,114,2.0239
3786,101,1.7931
3787,129,2.2902
3788,100,1.7753
3789,90,1.5978
3790,104,1.8463
3791,32,0.5681
3792,57,1.0119
3793,95,1.6866
3794,34,0.6036
3795,71,1.2605
3796,83,1.4735
3797,85,1.5090
3798,89,1.5800
3799,112,1.9884
3800,98,1.7398
3801,21,0.3728
3802,83,1.4735
3803,78,1.3848
3804,121,2.1481
3805,88,1.5623
3806,108,1.9174
3807,79,1.4025
3808,60,1.0652
3809,35,0.6214
3810,67,1.1895
3811,93,1.6511
3812,58,1.0297
3813,64,1.1362
3814,76,1.3492
3815,71,1.2605
3816,163,2.8938
3817,128,2.2724
3818,107,1.8996
3819,75,1.3315
3820,126,2.2369
3821,83,1.4735
3822,76,1.3492
3823,103,1.8286
3824,92,1.6333
3825,113,2.0061
3826,117,2.0771
3827,141,2.5032
3828,129,2.2902
3829,163,2.8938
3830,147,2.6097
3831,101,1.7931
3832,85,1.5090
3833,85,1.5090
3834,57,1.0119
3835,83,1.4735
3836,81,1.4380
3837,101,1.7931
3838,140,2.4855
3839,99,1.7576
3840,88,1.5623
3841,80,1.4203
3842,87,1.5445
3843,84,1.4913
3844,117,2.0771
3845,107,1.8996
3846,40,0.7101
3847,79,1.4025
3848,121,2.1481
3849,77,1.3670
3850,100,1.7753
3851,69,1.2250
3852,52,0.9232
3853,53,0.9409
3854,117,2.0771
3855,135,2.3967
3856,111,1.9706
3857,74,1.3137
3858,84,1.4913
3859,113,2.0061
3860,105,1.8641
3861,101,1.7931
3862,125,2.2192
3863,147,2.6097
3864,85,1.5090
3865,98,1.7398
3866,91,1.6155
3867,69,1.2250
3868,92,1.6333
3869,106,1.8818
3870,81,1.4380
3871,107,1.8996
3872,87,1.5445
3873,92,1.6333
3874,109,1.9351
3875,93,1.6511
3876,93,1.6511
3877,56,0.9942
3878,119,2.1126
3879,98,1.7398
3880,75,1.3315
3881,97,1.7221
3882,118,2.0949
3883,74,1.3137
3884,100,1.7753
3885,74,1.3137
3886,90,1.5978
3887,57,1.0119
3888,30,0.5326
3889,46,0.8167
3890,44,0.7811
3891,101,1.7931
3892,91,1.6155
3893,51,0.9054
3894,95,1.6866
3895,64,1.1362
3896,88,1.5623
3897,116,2.0594
3898,115,2.0416
3899,120,2.1304
3900,78,1.3848
3901,111,1.9706
3902,83,1.4735
3903,116,2.0594
3904,108,1.9174
3905,107,1.8996
3906,64,1.1362
3907,80,1.4203
3908,106,1.8818
3909,85,1.5090
3910,95,1.6866
3911,105,1.8641
3912,75,1.3315
3913,90,1.5978
3914,105,1.8641
3915,91,1.6155
3916,67,1.1895
3917,62,1.1007
3918,63,1.1185
3919,81,1.4380
3920,95,1.6866
3921,94,1.6688
3922,64,1.1362
3923,79,1.4025
3924,70,1.2427
3925,110,1.9529
3926,69,1.2250
3927,91,1.6155
3928,88,1.5623
3929,64,1.1362
3930,77,1.3670
3931,68,1.2072
3932,83,1.4735
3933,70,1.2427
3934,83,1.4735
3935,87,1.5445
3936,79,1.4025
3937,67,1.1895
3938,54,0.9587
3939,51,0.9054
3940,33,0.5859
3941,70,1.2427
3942,65,1.1540
3943,67,1.1895
3944,48,0.8522
3945,30,0.5326
3946,43,0.7634
3947,70,1.2427
3948,72,1.2782
3949,87,1.5445
3950,50,0.8877
3951,64,1.1362
3952,78,1.3848
3953,75,1.3315
3954,65,1.1540
3955,63,1.1185
3956,81,1.4380
3957,66,1.1717
3958,60,1.0652
3959,43,0.7634
3960,69,1.2250
3961,58,1.0297
3962,77,1.3670
3963,89,1.5800
3964,75,1.3315
3965,51,0.9054
3966,52,0.9232
3967,76,1.3492
3968,62,1.1007
3969,24,0.4261
3970,17,0.3018
3971,10,0.1775
3972,26,0.4616
3973,26,0.4616
3974,35,0.6214
3975,71,1.2605
3976,54,0.9587
3977,44,0.7811
3978,77,1.3670
3979,37,0.6569
3980,58,1.0297
3981,59,1.0474
3982,54,0.9587
3983,64,1.1362
3984,63,1.1185
3985,80,1.4203
3986,39,0.6924
3987,63,1.1185
3988,68,1.2072
3989,49,0.8699
3990,61,1.0829
3991,86,1.5268
3992,59,1.0474
3993,63,1.1185
3994,47,0.8344
3995,77,1.3670
3996,70,1.2427
3997,68,1.2072
3998,54,0.9587
3999,65,1.1540
4000,66,1.1717
4001,46,0.8167
4002,52,0.9232
4003,48,0.8522
4004,44,0.7811
4005,59,1.0474
4006,59,1.0474
4007,64,1.1362
4008,52,0.9232
4009,52,0.9232
4010,58,1.0297
4011,50,0.8877
4012,64,1.1362
4013,51,0.9054
4014,103,1.8286
4015,56,0.9942
4016,83,1.4735
4017,54,0.9587
4018,44,0.7811
4019,62,1.1007
4020,70,1.2427
4021,70,1.2427
4022,42,0.7456
4023,48,0.8522
4024,64,1.1362
4025,69,1.2250
4026,42,0.7456
4027,67,1.1895
4028,71,1.2605
4029,60,1.0652
4030,29,0.5148
4031,33,0.5859
4032,53,0.9409
4033,41,0.7279
4034,48,0.8522
4035,55,0.9764
4036,56,0.9942
4037,73,1.2960
4038,53,0.9409
4039,33,0.5859
4040,26,0.4616
4041,39,0.6924
4042,74,1.3137
4043,63,1.1185
4044,58,1.0297
4045,75,1.3315
4046,82,1.4558
4047,59,1.0474
4048,59,1.0474
4049,68,1.2072
4050,74,1.3137
4051,54,0.9587
4052,47,0.8344
4053,39,0.6924
4054,49,0.8699
4055,51,0.9054
4056,52,0.9232
4057,42,0.7456
4058,51,0.9054
4059,44,0.7811
4060,59,1.0474
4061,93,1.6511
4062,54,0.9587
4063,66,1.1717
4064,106,1.8818
4065,76,1.3492
4066,95,1.6866
4067,83,1.4735
4068,96,1.7043
4069,96,1.7043
4070,72,1.2782
4071,80,1.4203
4072,103,1.8286
4073,83,1.4735
4074,76,1.3492
4075,65,1.1540
4076,36,0.6391
4077,60,1.0652
4078,53,0.9409
4079,77,1.3670
4080,56,0.9942
4081,47,0.8344
4082,67,1.1895
4083,47,0.8344
4084,78,1.3848
4085,74,1.3137
4086,50,0.8877
4087,51,0.9054
4088,74,1.3137
4089,93,1.6511
4090,50,0.8877
4091,50,0.8877
4092,66,1.1717
4093,64,1.1362
4094,45,0.7989
4095,78,1.3848
4096,72,1.2782
4097,61,1.0829
4098,59,1.0474
4099,42,0.7456
4100,57,1.0119
4101,55,0.9764
4102,65,1.1540
4103,71,1.2605
4104,80,1.4203
4105,68,1.2072
4106,56,0.9942
4107,61,1.0829
4108,76,1.3492
4109,31,0.5504
4110,76,1.3492
4111,77,1.3670
4112,59,1.0474
4113,67,1.1895
4114,59,1.0474
4115,69,1.2250
4116,58,1.0297
4117,65,1.1540
4118,54,0.9587
4119,59,1.0474
4120,54,0.9587
4121,51,0.9054
4122,41,0.7279
4123,35,0.6214
4124,44,0.7811
4125,83,1.4735
4126,57,1.0119
4127,55,0.9764
4128,68,1.2072
4129,51,0.9054
4130,73,1.2960
4131,81,1.4380
4132,90,1.5978
4133,88,1.5623
4134,80,1.4203
4135,73,1.2960
4136,71,1.2605
4137,64,1.1362
4138,67,1.1895
4139,47,0.8344
4140,43,0.7634
4141,61,1.0829
4142,68,1.2072
4143,83,1.4735
4144,54,0.9587
4145,72,1.2782
4146,68,1.2072
4147,70,1.2427
4148,68,1.2072
4149,72,1.2782
4150,41,0.7279
4151,47,0.8344
4152,52,0.9232
4153,49,0.8699
4154,69,1.2250
4155,60,1.0652
4156,74,1.3137
4157,76,1.3492
4158,68,1.2072
4159,49,0.8699
4160,52,0.9232
4161,50,0.8877
4162,62,1.1007
4163,50,0.8877
4164,56,0.9942
4165,85,1.5090
4166,60,1.0652
4167,75,1.3315
4168,79,1.4025
4169,73,1.2960
4170,89,1.5800
4171,86,1.5268
4172,55,0.9764
4173,59,1.0474
4174,57,1.0119
4175,55,0.9764
4176,69,1.2250
4177,57,1.0119
4178,37,0.6569
4179,62,1.1007
4180,61,1.0829
4181,81,1.4380
4182,62,1.1007
4183,66,1.1717
4184,83,1.4735
4185,69,1.2250
4186,57,1.0119
4187,66,1.1717
4188,64,1.1362
4189,55,0.9764
4190,57,1.0119
4191,55,0.9764
4192,41,0.7279
4193,91,1.6155
4194,71,1.2605
4195,56,0.9942
4196,75,1.3315
4197,89,1.5800
4198,64,1.1362
4199,57,1.0119
4200,51,0.9054
4201,59,1.0474
4202,41,0.7279
4203,42,0.7456
4204,47,0.8344
4205,49,0.8699
4206,66,1.1717
4207,64,1.1362
4208,60,1.0652
4209,49,0.8699
4210,66,1.1717
4211,32,0.5681
4212,40,0.7101
4213,73,1.2960
4214,61,1.0829
4215,51,0.9054
4216,41,0.7279
4217,48,0.8522
4218,46,0.8167
4219,51,0.9054
4220,29,0.5148
4221,42,0.7456
4222,40,0.7101
4223,58,1.0297
4224,55,0.9764
4225,66,1.1717
4226,82,1.4558
4227,65,1.1540
4228,55,0.9764
4229,48,0.8522
4230,46,0.8167
4231,66,1.1717
4232,65,1.1540
4233,45,0.7989
4234,45,0.7989
4235,45,0.7989
4236,78,1.3848
4237,52,0.9232
4238,54,0.9587
4239,76,1.3492
4240,73,1.2960
4241,46,0.8167
4242,36,0.6391
4243,51,0.9054
4244,50,0.8877
4245,40,0.7101
4246,46,0.8167
4247,68,1.2072
4248,69,1.2250
4249,75,1.3315
4250,69,1.2250
4251,70,1.2427
4252,35,0.6214
4253,50,0.8877
4254,56,0.9942
4255,33,0.5859
4256,34,0.6036
4257,63,1.1185
4258,45,0.7989
4259,39,0.6924
4260,52,0.9232
4261,60,1.0652
4262,45,0.7989
4263,49,0.8699
4264,63,1.1185
4265,41,0.7279
4266,57,1.0119
4267,37,0.6569
4268,64,1.1362
4269,62,1.1007
4270,37,0.6569
4271,54,0.9587
4272,74,1.3137
4273,53,0.9409
4274,58,1.0297
4275,47,0.8344
4276,61,1.0829
4277,92,1.6333
4278,61,1.0829
4279,56,0.9942
4280,52,0.9232
4281,44,0.7811
4282,58,1.0297
4283,69,1.2250
4284,80,1.4203
4285,54,0.9587
4286,47,0.8344
4287,82,1.4558
4288,89,1.5800
4289,62,1.1007
4290,70,1.2427
4291,66,1.1717
4292,86,1.5268
4293,100,1.7753
4294,84,1.4913
4295,57,1.0119
4296,69,1.2250
4297,60,1.0652
4298,59,1.0474
4299,47,0.8344
4300,61,1.0829
4301,72,1.2782
4302,103,1.8286
4303,86,1.5268
4304,87,1.5445
4305,75,1.3315
4306,63,1.1185
4307,74,1.3137
4308,62,1.1007
4309,58,1.0297
4310,60,1.0652
4311,60,1.0652
4312,57,1.0119
4313,51,0.9054
4314,66,1.1717
4315,51,0.9054
4316,34,0.6036
4317,62,1.1007
4318,29,0.5148
4319,44,0.7811
4320,43,0.7634
4321,60,1.0652
4322,66,1.1717
4323,67,1.1895
4324,40,0.7101
4325,33,0.5859
4326,41,0.7279
4327,65,1.1540
4328,40,0.7101
4329,40,0.7101
4330,42,0.7456
4331,27,0.4793
4332,36,0.6391
4333,59,1.0474
4334,42,0.7456
4335,79,1.4025
4336,64,1.1362
4337,56,0.9942
4338,37,0.6569
4339,70,1.2427
4340,55,0.9764
4341,47,0.8344
4342,32,0.5681
4343,42,0.7456
4344,54,0.9587
4345,50,0.8877
4346,37,0.6569
4347,80,1.4203
4348,93,1.6511
4349,71,1.2605
4350,42,0.7456
4351,44,0.7811
4352,48,0.8522
4353,55,0.9764
4354,63,1.1185
4355,62,1.1007
4356,53,0.9409
4357,61,1.0829
4358,60,1.0652
4359,36,0.6391
4360,69,1.2250
4361,62,1.1007
4362,51,0.9054
4363,70,1.2427
4364,35,0.6214
4365,46,0.8167
4366,59,1.0474
4367,70,1.2427
4368,55,0.9764
4369,47,0.8344
4370,61,1.0829
4371,54,0.9587
4372,60,1.0652
4373,54,0.9587
4374,41,0.7279
4375,30,0.5326
4376,47,0.8344
4377,39,0.6924
4378,37,0.6569
4379,64,1.1362
4380,65,1.1540
4381,63,1.1185
4382,50,0.8877
4383,64,1.1362
4384,63,1.1185
4385,50,0.8877
4386,62,1.1007
4387,53,0.9409
4388,38,0.6746
4389,54,0.9587
4390,41,0.7279
4391,56,0.9942
4392,42,0.7456
4393,20,0.3551
4394,31,0.5504
4395,45,0.7989
4396,47,0.8344
4397,54,0.9587
4398,43,0.7634
4399,66,1.1717
4400,67,1.1895
4401,51,0.9054
4402,57,1.0119
4403,40,0.7101
4404,37,0.6569
4405,60,1.0652
4406,47,0.8344
4407,53,0.9409
4408,44,0.7811
4409,32,0.5681
4410,39,0.6924
4411,50,0.8877
4412,37,0.6569
4413,47,0.8344
4414,49,0.8699
4415,42,0.7456
4416,51,0.9054
4417,46,0.8167
4418,23,0.4083
4419,39,0.6924
4420,52,0.9232
4421,33,0.5859
4422,44,0.7811
4423,64,1.1362
4424,45,0.7989
4425,32,0.5681
4426,49,0.8699
4427,21,0.3728
4428,35,0.6214
4429,62,1.1007
4430,33,0.5859
4431,35,0.6214
4432,31,0.5504
4433,36,0.6391
4434,52,0.9232
4435,69,1.2250
4436,52,0.9232
4437,55,0.9764
4438,57,1.0119
4439,46,0.8167
4440,52,0.9232
4441,37,0.6569
4442,44,0.7811
4443,51,0.9054
4444,60,1.0652
4445,69,1.2250
4446,65,1.1540
4447,39,0.6924
4448,30,0.5326
4449,45,0.7989
4450,62,1.1007
4451,66,1.1717
4452,75,1.3315
4453,46,0.8167
4454,56,0.9942
4455,63,1.1185
4456,49,0.8699
4457,65,1.1540
4458,58,1.0297
4459,30,0.5326
4460,54,0.9587
4461,62,1.1007
4462,47,0.8344
4463,63,1.1185
4464,34,0.6036
4465,42,0.7456
4466,42,0.7456
4467,29,0.5148
4468,62,1.1007
4469,55,0.9764
4470,41,0.7279
4471,35,0.6214
4472,26,0.4616
4473,16,0.2841
4474,44,0.7811
4475,34,0.6036
4476,40,0.7101
4477,47,0.8344
4478,25,0.4438
4479,26,0.4616
4480,31,0.5504
4481,22,0.3906
4482,39,0.6924
4483,36,0.6391
4484,17,0.3018
4485,14,0.2485
4486,37,0.6569
4487,40,0.7101
4488,28,0.4971
4489,22,0.3906
4490,39,0.6924
4491,39,0.6924
4492,27,0.4793
4493,32,0.5681
4494,31,0.5504
4495,33,0.5859
4496,41,0.7279
4497,39,0.6924
4498,50,0.8877
4499,27,0.4793
4500,50,0.8877
4501,45,0.7989
4502,37,0.6569
4503,45,0.7989
4504,66,1.1717
4505,43,0.7634
4506,37,0.6569
4507,52,0.9232
4508,42,0.7456
4509,29,0.5148
4510,22,0.3906
4511,39,0.6924
4512,35,0.6214
4513,44,0.7811
4514,45,0.7989
4515,27,0.4793
4516,48,0.8522
4517,35,0.6214
4518,31,0.5504
4519,33,0.5859
4520,17,0.3018
4521,28,0.4971
4522,21,0.3728
4523,28,0.4971
4524,34,0.6036
4525,21,0.3728
4526,32,0.5681
4527,33,0.5859
4528,35,0.6214
4529,20,0.3551
4530,28,0.4971
4531,22,0.3906
4532,33,0.5859
4533,30,0.5326
4534,29,0.5148
4535,38,0.6746
4536,36,0.6391
4537,42,0.7456
4538,21,0.3728
4539,34,0.6036
4540,30,0.5326
4541,34,0.6036
4542,50,0.8877
4543,43,0.7634
4544,27,0.4793
4545,21,0.3728
4546,37,0.6569
4547,21,0.3728
4548,33,0.5859
4549,28,0.4971
4550,29,0.5148
4551,21,0.3728
4552,15,0.2663
4553,42,0.7456
4554,22,0.3906
4555,38,0.6746
4556,29,0.5148
4557,19,0.3373
4558,29,0.5148
4559,38,0.6746
4560,34,0.6036
4561,17,0.3018
4562,40,0.7101
4563,45,0.7989
4564,16,0.2841
4565,31,0.5504
4566,39,0.6924
4567,30,0.5326
4568,23,0.4083
4569,36,0.6391
4570,42,0.7456
4571,31,0.5504
4572,23,0.4083
4573,25,0.4438
4574,12,0.2130
4575,11,0.1953
4576,22,0.3906
4577,34,0.6036
4578,63,1.1185
4579,45,0.7989
4580,35,0.6214
4581,26,0.4616
4582,25,0.4438
4583,30,0.5326
4584,34,0.6036
4585,12,0.2130
4586,20,0.3551
4587,14,0.2485
4588,20,0.3551
4589,28,0.4971
4590,30,0.5326
4591,28,0.4971
4592,34,0.6036
4593,23,0.4083
4594,34,0.6036
4595,37,0.6569
4596,29,0.5148
4597,35,0.6214
4598,30,0.5326
4599,39,0.6924
4600,34,0.6036
4601,34,0.6036
4602,36,0.6391
4603,21,0.3728
4604,16,0.2841
4605,28,0.4971
4606,36,0.6391
4607,32,0.5681
4608,24,0.4261
4609,24,0.4261
4610,30,0.5326
4611,17,0.3018
4612,38,0.6746
4613,40,0.7101
4614,22,0.3906
4615,28,0.4971
4616,13,0.2308
4617,25,0.4438
4618,29,0.5148
4619,34,0.6036
4620,50,0.8877
4621,30,0.5326
4622,13,0.2308
4623,19,0.3373
4624,37,0.6569
4625,30,0.5326
4626,30,0.5326
4627,31,0.5504
4628,12,0.2130
4629,9,0.1598
4630,37,0.6569
4631,30,0.5326
4632,20,0.3551
4633,19,0.3373
4634,29,0.5148
4635,13,0.2308
4636,33,0.5859
4637,17,0.3018
4638,25,0.4438
4639,26,0.4616
4640,14,0.2485
4641,30,0.5326
4642,47,0.8344
4643,33,0.5859
4644,37,0.6569
4645,29,0.5148
4646,45,0.7989
4647,31,0.5504
4648,26,0.4616
4649,26,0.4616
4650,21,0.3728
4651,30,0.5326
4652,14,0.2485
4653,26,0.4616
4654,24,0.4261
4655,38,0.6746
4656,27,0.4793
4657,42,0.7456
4658,35,0.6214
4659,22,0.3906
4660,34,0.6036
4661,26,0.4616
4662,33,0.5859
4663,27,0.4793
4664,23,0.4083
4665,29,0.5148
4666,36,0.6391
4667,33,0.5859
4668,36,0.6391
4669,26,0.4616
4670,30,0.5326
4671,29,0.5148
4672,41,0.7279
4673,24,0.4261
4674,24,0.4261
4675,11,0.1953
4676,31,0.5504
4677,53,0.9409
4678,47,0.8344
4679,33,0.5859
4680,18,0.3196
4681,18,0.3196
4682,23,0.4083
4683,32,0.5681
4684,29,0.5148
4685,31,0.5504
4686,23,0.4083
4687,28,0.4971
4688,33,0.5859
4689,23,0.4083
4690,41,0.7279
4691,38,0.6746
4692,39,0.6924
4693,48,0.8522
4694,35,0.6214
4695,29,0.5148
4696,32,0.5681
4697,14,0.2485
4698,26,0.4616
4699,23,0.4083
4700,23,0.4083
4701,20,0.3551
4702,27,0.4793
4703,30,0.5326
4704,26,0.4616
4705,17,0.3018
4706,15,0.2663
4707,24,0.4261
4708,51,0.9054
4709,43,0.7634
4710,58,1.0297
4711,25,0.4438
4712,27,0.4793
4713,37,0.6569
4714,44,0.7811
4715,29,0.5148
4716,17,0.3018
4717,23,0.4083
4718,17,0.3018
4719,18,0.3196
4720,17,0.3018
4721,33,0.5859
4722,29,0.5148
4723,25,0.4438
4724,16,0.2841
4725,22,0.3906
4726,16,0.2841
4727,30,0.5326
4728,37,0.6569
4729,23,0.4083
4730,33,0.5859
4731,30,0.5326
4732,17,0.3018
4733,32,0.5681
4734,36,0.6391
4735,36,0.6391
4736,35,0.6214
4737,42,0.7456
4738,26,0.4616
4739,20,0.3551
4740,42,0.7456
4741,22,0.3906
4742,13,0.2308
4743,17,0.3018
4744,19,0.3373
4745,27,0.4793
4746,20,0.3551
4747,15,0.2663
4748,20,0.3551
4749,45,0.7989
4750,58,1.0297
4751,26,0.4616
4752,15,0.2663
4753,20,0.3551
4754,35,0.6214
4755,37,0.6569
4756,63,1.1185
4757,56,0.9942
4758,35,0.6214
4759,30,0.5326
4760,26,0.4616
4761,57,1.0119
4762,38,0.6746
4763,36,0.6391
4764,39,0.6924
4765,44,0.7811
4766,59,1.0474
4767,34,0.6036
4768,25,0.4438
4769,35,0.6214
4770,19,0.3373
4771,42,0.7456
4772,48,0.8522
4773,49,0.8699
4774,57,1.0119
4775,41,0.7279
4776,41,0.7279
4777,27,0.4793
4778,26,0.4616
4779,42,0.7456
4780,40,0.7101
4781,29,0.5148
4782,38,0.6746
4783,25,0.4438
4784,33,0.5859
4785,28,0.4971
4786,37,0.6569
4787,47,0.8344
4788,50,0.8877
4789,48,0.8522
4790,25,0.4438
4791,45,0.7989
4792,47,0.8344
4793,37,0.6569
4794,41,0.7279
4795,41,0.7279
4796,30,0.5326
4797,51,0.9054
4798,40,0.7101
4799,40,0.7101
4800,24,0.4261
4801,48,0.8522
4802,72,1.2782
4803,23,0.4083
4804,33,0.5859
4805,54,0.9587
4806,54,0.9587
4807,50,0.8877
4808,42,0.7456
4809,27,0.4793
4810,50,0.8877
4811,70,1.2427
4812,45,0.7989
4813,40,0.7101
4814,43,0.7634
4815,59,1.0474
4816,63,1.1185
4817,79,1.4025
4818,75,1.3315
4819,37,0.6569
4820,62,1.1007
4821,57,1.0119
4822,71,1.2605
4823,47,0.8344
4824,56,0.9942
4825,76,1.3492
4826,21,0.3728
4827,68,1.2072
4828,65,1.1540
4829,40,0.7101
4830,47,0.8344
4831,42,0.7456
4832,28,0.4971
4833,34,0.6036
4834,52,0.9232
4835,60,1.0652
4836,57,1.0119
4837,48,0.8522
4838,35,0.6214
4839,33,0.5859
4840,49,0.8699
4841,49,0.8699
4842,30,0.5326
4843,38,0.6746
4844,29,0.5148
4845,44,0.7811
4846,58,1.0297
4847,48,0.8522
4848,61,1.0829
4849,42,0.7456
4850,45,0.7989
4851,54,0.9587
4852,64,1.1362
4853,46,0.8167
4854,57,1.0119
4855,55,0.9764
4856,52,0.9232
4857,54,0.9587
4858,74,1.3137
4859,70,1.2427
4860,60,1.0652
4861,58,1.0297
4862,56,0.9942
4863,43,0.7634
4864,60,1.0652
4865,38,0.6746
4866,43,0.7634
4867,53,0.9409
4868,60,1.0652
4869,44,0.7811
4870,38,0.6746
4871,28,0.4971
4872,12,0.2130
4873,37,0.6569
4874,45,0.7989
4875,32,0.5681
4876,40,0.7101
4877,51,0.9054
4878,50,0.8877
4879,53,0.9409
4880,56,0.9942
4881,46,0.8167
4882,60,1.0652
4883,61,1.0829
4884,43,0.7634
4885,41,0.7279
4886,74,1.3137
4887,80,1.4203
4888,66,1.1717
4889,89,1.5800
4890,78,1.3848
4891,39,0.6924
4892,40,0.7101
4893,55,0.9764
4894,64,1.1362
4895,35,0.6214
4896,50,0.8877
4897,43,0.7634
4898,36,0.6391
4899,40,0.7101
4900,75,1.3315
4901,65,1.1540
4902,36,0.6391
4903,58,1.0297
4904,73,1.2960
4905,64,1.1362
4906,49,0.8699
4907,67,1.1895
4908,46,0.8167
4909,45,0.7989
4910,57,1.0119
4911,58,1.0297
4912,15,0.2663
4913,65,1.1540
4914,70,1.2427
4915,68,1.2072
4916,39,0.6924
4917,48,0.8522
4918,33,0.5859
4919,31,0.5504
4920,42,0.7456
4921,59,1.0474
4922,67,1.1895
4923,66,1.1717
4924,74,1.3137
4925,85,1.5090
4926,54,0.9587
4927,68,1.2072
4928,76,1.3492
4929,55,0.9764
4930,54,0.9587
4931,60,1.0652
4932,61,1.0829
4933,55,0.9764
4934,56,0.9942
4935,48,0.8522
4936,64,1.1362
4937,40,0.7101
4938,19,0.3373
4939,22,0.3906
4940,55,0.9764
4941,39,0.6924
4942,22,0.3906
4943,37,0.6569
4944,69,1.2250
4945,67,1.1895
4946,43,0.7634
4947,70,1.2427
4948,25,0.4438
4949,57,1.0119
4950,84,1.4913
4951,57,1.0119
4952,74,1.3137
4953,86,1.5268
4954,56,0.9942
4955,58,1.0297
4956,40,0.7101
4957,52,0.9232
4958,76,1.3492
4959,73,1.2960
4960,59,1.0474
4961,67,1.1895
4962,59,1.0474
4963,71,1.2605
4964,45,0.7989
4965,48,0.8522
4966,92,1.6333
4967,68,1.2072
4968,49,0.8699
4969,59,1.0474
4970,57,1.0119
4971,76,1.3492
4972,91,1.6155
4973,72,1.2782
4974,67,1.1895
4975,52,0.9232
4976,70,1.2427
4977,60,1.0652
4978,69,1.2250
4979,87,1.5445
4980,91,1.6155
4981,86,1.5268
4982,63,1.1185
4983,65,1.1540
4984,62,1.1007
4985,63,1.1185
4986,47,0.8344
4987,38,0.6746
4988,70,1.2427
4989,66,1.1717
4990,63,1.1185
4991,85,1.5090
4992,50,0.8877
4993,61,1.0829
4994,47,0.8344
4995,51,0.9054
4996,37,0.6569
4997,43,0.7634
4998,44,0.7811
4999,64,1.1362
5000,81,1.4380
5001,57,1.0119
5002,84,1.4913
5003,66,1.1717
5004,62,1.1007
5005,58,1.0297
5006,75,1.3315
5007,42,0.7456
5008,50,0.8877
5009,52,0.9232
5010,63,1.1185
5011,44,0.7811
5012,47,0.8344
5013,57,1.0119
5014,86,1.5268
5015,72,1.2782
5016,52,0.9232
5017,58,1.0297
5018,58,1.0297
5019,55,0.9764
5020,63,1.1185
5021,80,1.4203
5022,69,1.2250
5023,73,1.2960
5024,62,1.1007
5025,50,0.8877
5026,50,0.8877
5027,35,0.6214
5028,50,0.8877
5029,63,1.1185
5030,63,1.1185
5031,76,1.3492
5032,62,1.1007
5033,50,0.8877
5034,29,0.5148
5035,38,0.6746
5036,63,1.1185
5037,54,0.9587
5038,60,1.0652
5039,79,1.4025
5040,83,1.4735
5041,53,0.9409
5042,65,1.1540
5043,53,0.9409
5044,37,0.6569
5045,61,1.0829
5046,78,1.3848
5047,53,0.9409
5048,49,0.8699
5049,40,0.7101
5050,57,1.0119
5051,57,1.0119
5052,74,1.3137
5053,69,1.2250
5054,39,0.6924
5055,84,1.4913
5056,51,0.9054
5057,73,1.2960
5058,65,1.1540
5059,53,0.9409
5060,54,0.9587
5061,50,0.8877
5062,46,0.8167
5063,54,0.9587
5064,38,0.6746
5065,59,1.0474
5066,38,0.6746
5067,37,0.6569
5068,44,0.7811
5069,39,0.6924
5070,56,0.9942
5071,32,0.5681
5072,60,1.0652
5073,61,1.0829
5074,62,1.1007
5075,59,1.0474
5076,43,0.7634
5077,65,1.1540
5078,54,0.9587
5079,60,1.0652
5080,60,1.0652
5081,60,1.0652
5082,57,1.0119
5083,64,1.1362
5084,58,1.0297
5085,27,0.4793
5086,42,0.7456
5087,46,0.8167
5088,36,0.6391
5089,49,0.8699
5090,68,1.2072
5091,42,0.7456
5092,58,1.0297
5093,57,1.0119
5094,94,1.6688
5095,59,1.0474
5096,103,1.8286
5097,85,1.5090
5098,77,1.3670
5099,55,0.9764
5100,79,1.4025
5101,52,0.9232
5102,72,1.2782
5103,74,1.3137
5104,83,1.4735
5105,63,1.1185
5106,63,1.1185
5107,55,0.9764
5108,73,1.2960
5109,79,1.4025
5110,68,1.2072
5111,60,1.0652
5112,64,1.1362
5113,46,0.8167
5114,32,0.5681
5115,57,1.0119
5116,47,0.8344
5117,53,0.9409
5118,53,0.9409
5119,64,1.1362
5120,75,1.3315
5121,68,1.2072
5122,74,1.3137
5123,71,1.2605
5124,52,0.9232
5125,56,0.9942
5126,56,0.9942
5127,46,0.8167
5128,49,0.8699
5129,51,0.9054
5130,48,0.8522
5131,48,0.8522
5132,36,0.6391
5133,49,0.8699
5134,69,1.2250
5135,61,1.0829
5136,56,0.9942
5137,48,0.8522
5138,74,1.3137
5139,67,1.1895
5140,33,0.5859
5141,69,1.2250
5142,58,1.0297
5143,69,1.2250
5144,55,0.9764
5145,61,1.0829
5146,48,0.8522
5147,69,1.2250
5148,85,1.5090
5149,61,1.0829
5150,46,0.8167
5151,59,1.0474
5152,44,0.7811
5153,58,1.0297
5154,58,1.0297
5155,45,0.7989
5156,73,1.2960
5157,43,0.7634
5158,58,1.0297
5159,67,1.1895
5160,57,1.0119
5161,44,0.7811
5162,43,0.7634
5163,42,0.7456
5164,53,0.9409
5165,48,0.8522
5166,47,0.8344
5167,53,0.9409
5168,46,0.8167
5169,40,0.7101
5170,56,0.9942
5171,75,1.3315
5172,54,0.9587
5173,52,0.9232
5174,41,0.7279
5175,18,0.3196
5176,14,0.2485
5177,36,0.6391
5178,74,1.3137
5179,69,1.2250
5180,57,1.0119
5181,61,1.0829
5182,65,1.1540
5183,38,0.6746
5184,42,0.7456
5185,61,1.0829
5186,52,0.9232
5187,34,0.6036
5188,52,0.9232
5189,71,1.2605
5190,53,0.9409
5191,60,1.0652
5192,61,1.0829
5193,62,1.1007
5194,39,0.6924
5195,49,0.8699
5196,48,0.8522
5197,41,0.7279
5198,41,0.7279
5199,56,0.9942
5200,62,1.1007
5201,50,0.8877
5202,36,0.6391
5203,50,0.8877
5204,37,0.6569
5205,40,0.7101
5206,60,1.0652
5207,51,0.9054
5208,81,1.4380
5209,107,1.8996
5210,83,1.4735
5211,71,1.2605
5212,47,0.8344
5213,64,1.1362
5214,78,1.3848
5215,61,1.0829
5216,77,1.3670
5217,60,1.0652
5218,75,1.3315
5219,83,1.4735
5220,67,1.1895
5221,53,0.9409
5222,43,0.7634
5223,56,0.9942
5224,85,1.5090
5225,66,1.1717
5226,44,0.7811
5227,33,0.5859
5228,60,1.0652
5229,49,0.8699
5230,74,1.3137
5231,85,1.5090
5232,80,1.4203
5233,57,1.0119
5234,67,1.1895
5235,106,1.8818
5236,68,1.2072
5237,68,1.2072
5238,67,1.1895
5239,66,1.1717
5240,72,1.2782
5241,76,1.3492
5242,54,0.9587
5243,64,1.1362
5244,53,0.9409
5245,66,1.1717
5246,61,1.0829
5247,55,0.9764
5248,55,0.9764
5249,67,1.1895
5250,87,1.5445
5251,65,1.1540
5252,70,1.2427
5253,85,1.5090
5254,57,1.0119
5255,75,1.3315
5256,76,1.3492
5257,65,1.1540
5258,91,1.6155
5259,53,0.9409
5260,86,1.5268
5261,62,1.1007
5262,51,0.9054
5263,77,1.3670
5264,67,1.1895
5265,63,1.1185
5266,80,1.4203
5267,76,1.3492
5268,94,1.6688
5269,90,1.5978
5270,81,1.4380
5271,91,1.6155
5272,86,1.5268
5273,81,1.4380
5274,44,0.7811
5275,68,1.2072
5276,62,1.1007
5277,92,1.6333
5278,88,1.5623
5279,94,1.6688
5280,95,1.6866
5281,61,1.0829
5282,79,1.4025
5283,69,1.2250
5284,69,1.2250
5285,102,1.8108
5286,89,1.5800
5287,59,1.0474
5288,46,0.8167
5289,69,1.2250
5290,58,1.0297
5291,53,0.9409
5292,65,1.1540
5293,67,1.1895
5294,37,0.6569
5295,47,0.8344
5296,54,0.9587
5297,71,1.2605
5298,60,1.0652
5299,40,0.7101
5300,70,1.2427
5301,50,0.8877
5302,60,1.0652
5303,43,0.7634
5304,66,1.1717
5305,66,1.1717
5306,63,1.1185
5307,70,1.2427
5308,100,1.7753
5309,72,1.2782
5310,82,1.4558
5311,59,1.0474
5312,69,1.2250
5313,84,1.4913
5314,74,1.3137
5315,57,1.0119
5316,68,1.2072
5317,81,1.4380
5318,44,0.7811
5319,72,1.2782
5320,51,0.9054
5321,40,0.7101
5322,82,1.4558
5323,46,0.8167
5324,4,0.0710
5325,3,0.0533
5326,41,0.7279
5327,28,0.4971
5328,36,0.6391
5329,39,0.6924
5330,59,1.0474
5331,66,1.1717
5332,47,0.8344
5333,55,0.9764
5334,49,0.8699
5335,55,0.9764
5336,76,1.3492
5337,48,0.8522
5338,54,0.9587
5339,60,1.0652
5340,44,0.7811
5341,39,0.6924
5342,47,0.8344
5343,49,0.8699
5344,72,1.2782
5345,156,2.7695
5346,106,1.8818
5347,46,0.8167
5348,77,1.3670
5349,94,1.6688
5350,98,1.7398
5351,65,1.1540
5352,65,1.1540
5353,73,1.2960
5354,47,0.8344
5355,74,1.3137
5356,61,1.0829
5357,92,1.6333
5358,46,0.8167
5359,73,1.2960
5360,51,0.9054
5361,74,1.3137
5362,66,1.1717
5363,60,1.0652
5364,63,1.1185
5365,45,0.7989
5366,66,1.1717
5367,51,0.9054
5368,41,0.7279
5369,46,0.8167
5370,59,1.0474
5371,58,1.0297
5372,70,1.2427
5373,57,1.0119
5374,80,1.4203
5375,77,1.3670
5376,88,1.5623
5377,80,1.4203
5378,71,1.2605
5379,38,0.6746
5380,51,0.9054
5381,25,0.4438
5382,49,0.8699
5383,32,0.5681
5384,53,0.9409
5385,44,0.7811
5386,25,0.4438
5387,26,0.4616
5388,74,1.3137
5389,64,1.1362
5390,57,1.0119
5391,30,0.5326
5392,38,0.6746
5393,85,1.5090
5394,55,0.9764
5395,73,1.2960
5396,51,0.9054
5397,78,1.3848
5398,61,1.0829
5399,57,1.0119
5400,42,0.7456
5401,53,0.9409
5402,60,1.0652
5403,59,1.0474
5404,22,0.3906
5405,33,0.5859
5406,46,0.8167
5407,61,1.0829
5408,52,0.9232
5409,60,1.0652
5410,39,0.6924
5411,45,0.7989
5412,49,0.8699
5413,44,0.7811
5414,87,1.5445
5415,77,1.3670
5416,67,1.1895
5417,43,0.7634
5418,44,0.7811
5419,57,1.0119
5420,52,0.9232
5421,52,0.9232
5422,52,0.9232
5423,35,0.6214
5424,70,1.2427
5425,55,0.9764
5426,43,0.7634
5427,47,0.8344
5428,76,1.3492
5429,47,0.8344
5430,59,1.0474
5431,45,0.7989
5432,27,0.4793
5433,36,0.6391
5434,45,0.7989
5435,24,0.4261
5436,30,0.5326
5437,30,0.5326
5438,38,0.6746
5439,62,1.1007
5440,39,0.6924
5441,35,0.6214
5442,81,1.4380
5443,62,1.1007
5444,40,0.7101
5445,58,1.0297
5446,32,0.5681
5447,37,0.6569
5448,46,0.8167
5449,48,0.8522
5450,36,0.6391
5451,48,0.8522
5452,48,0.8522
5453,69,1.2250
5454,51,0.9054
5455,43,0.7634
5456,34,0.6036
5457,48,0.8522
5458,55,0.9764
5459,37,0.6569
5460,38,0.6746
5461,39,0.6924
5462,33,0.5859
5463,58,1.0297
5464,59,1.0474
5465,47,0.8344
5466,50,0.8877
5467,32,0.5681
5468,42,0.7456
5469,45,0.7989
5470,53,0.9409
5471,39,0.6924
5472,37,0.6569
5473,37,0.6569
5474,28,0.4971
5475,55,0.9764
5476,30,0.5326
5477,40,0.7101
5478,39,0.6924
5479,37,0.6569
5480,25,0.4438
5481,39,0.6924
5482,80,1.4203
5483,46,0.8167
5484,48,0.8522
5485,52,0.9232
5486,65,1.1540
5487,53,0.9409
5488,58,1.0297
5489,45,0.7989
5490,43,0.7634
5491,65,1.1540
5492,70,1.2427
5493,47,0.8344
5494,42,0.7456
5495,44,0.7811
5496,40,0.7101
5497,34,0.6036
5498,69,1.2250
5499,61,1.0829
5500,58,1.0297
5501,64,1.1362
5502,51,0.9054
5503,42,0.7456
5504,50,0.8877
5505,64,1.1362
5506,56,0.9942
5507,65,1.1540
5508,66,1.1717
5509,68,1.2072
5510,73,1.2960
5511,53,0.9409
5512,66,1.1717
5513,58,1.0297
5514,16,0.2841
5515,37,0.6569
5516,54,0.9587
5517,43,0.7634
5518,72,1.2782
5519,35,0.6214
5520,28,0.4971
5521,40,0.7101
5522,8,0.1420
5523,7,0.1243
5524,22,0.3906
5525,22,0.3906
5526,24,0.4261
5527,22,0.3906
5528,35,0.6214
5529,59,1.0474
5530,56,0.9942
5531,65,1.1540
5532,67,1.1895
5533,38,0.6746
5534,66,1.1717
5535,52,0.9232
5536,32,0.5681
5537,56,0.9942
5538,91,1.6155
5539,67,1.1895
5540,38,0.6746
5541,79,1.4025
5542,42,0.7456
5543,36,0.6391
5544,37,0.6569
5545,24,0.4261
5546,34,0.6036
5547,39,0.6924
5548,19,0.3373
5549,20,0.3551
5550,40,0.7101
5551,40,0.7101
5552,33,0.5859
5553,23,0.4083
5554,54,0.9587
5555,38,0.6746
5556,55,0.9764
5557,53,0.9409
5558,37,0.6569
5559,37,0.6569
5560,56,0.9942
5561,47,0.8344
5562,43,0.7634
5563,49,0.8699
5564,39,0.6924
5565,61,1.0829
5566,55,0.9764
5567,60,1.0652
5568,58,1.0297
5569,55,0.9764
5570,51,0.9054
5571,53,0.9409
5572,67,1.1895
5573,58,1.0297
5574,37,0.6569
5575,27,0.4793
5576,56,0.9942
5577,72,1.2782
5578,53,0.9409
5579,51,0.9054
5580,49,0.8699
5581,54,0.9587
5582,55,0.9764
5583,32,0.5681
5584,18,0.3196
5585,14,0.2485
5586,56,0.9942
5587,30,0.5326
5588,54,0.9587
5589,57,1.0119
5590,55,0.9764
5591,34,0.6036
5592,30,0.5326
5593,55,0.9764
5594,49,0.8699
5595,36,0.6391
5596,30,0.5326
5597,22,0.3906
5598,40,0.7101
5599,55,0.9764
5600,45,0.7989
5601,33,0.5859
5602,34,0.6036
5603,45,0.7989
5604,47,0.8344
5605,52,0.9232
5606,37,0.6569
5607,37,0.6569
5608,24,0.4261
5609,31,0.5504
5610,55,0.9764
5611,60,1.0652
5612,52,0.9232
5613,40,0.7101
5614,46,0.8167
5615,33,0.5859
5616,85,1.5090
5617,77,1.3670
5618,58,1.0297
5619,47,0.8344
5620,63,1.1185
5621,86,1.5268
5622,53,0.9409
5623,29,0.5148
5624,42,0.7456
5625,37,0.6569
5626,36,0.6391
5627,24,0.4261
5628,31,0.5504
5629,56,0.9942
5630,46,0.8167
5631,60,1.0652
5632,42,0.7456
5633,50,0.8877
5634,34,0.6036
5635,33,0.5859
5636,29,0.5148
5637,39,0.6924
5638,60,1.0652
5639,58,1.0297
5640,61,1.0829
5641,31,0.5504
5642,33,0.5859
5643,66,1.1717
5644,51,0.9054
5645,94,1.6688
5646,46,0.8167
5647,68,1.2072
5648,51,0.9054
5649,40,0.7101
5650,47,0.8344
5651,39,0.6924
5652,67,1.1895
5653,30,0.5326
5654,43,0.7634
5655,55,0.9764
5656,43,0.7634
5657,27,0.4793
5658,32,0.5681
5659,36,0.6391
5660,62,1.1007
5661,43,0.7634
5662,34,0.6036
5663,55,0.9764
5664,32,0.5681
5665,40,0.7101
5666,34,0.6036
5667,30,0.5326
5668,34,0.6036
5669,58,1.0297
5670,47,0.8344
5671,33,0.5859
5672,51,0.9054
5673,80,1.4203
5674,50,0.8877
5675,50,0.8877
5676,55,0.9764
5677,79,1.4025
5678,58,1.0297
5679,54,0.9587
5680,32,0.5681
5681,48,0.8522
5682,59,1.0474
5683,59,1.0474
5684,41,0.7279
5685,59,1.0474
5686,44,0.7811
5687,48,0.8522
5688,48,0.8522
5689,65,1.1540
5690,50,0.8877
5691,46,0.8167
5692,47,0.8344
5693,37,0.6569
5694,41,0.7279
5695,58,1.0297
5696,54,0.9587
5697,50,0.8877
5698,48,0.8522
5699,68,1.2072
5700,74,1.3137
5701,74,1.3137
5702,52,0.9232
5703,39,0.6924
5704,20,0.3551
5705,65,1.1540
5706,54,0.9587
5707,42,0.7456
5708,41,0.7279
5709,55,0.9764
5710,49,0.8699
5711,43,0.7634
5712,45,0.7989
5713,39,0.6924
5714,36,0.6391
5715,51,0.9054
5716,41,0.7279
5717,40,0.7101
5718,35,0.6214
5719,69,1.2250
5720,77,1.3670
5721,47,0.8344
5722,54,0.9587
5723,63,1.1185
5724,60,1.0652
5725,63,1.1185
5726,112,1.9884
5727,90,1.5978
5728,65,1.1540
5729,74,1.3137
5730,66,1.1717
5731,62,1.1007
5732,62,1.1007
5733,61,1.0829
5734,58,1.0297
5735,74,1.3137
5736,76,1.3492
5737,58,1.0297
5738,55,0.9764
5739,68,1.2072
5740,45,0.7989
5741,71,1.2605
5742,47,0.8344
5743,53,0.9409
5744,44,0.7811
5745,51,0.9054
5746,51,0.9054
5747,62,1.1007
5748,72,1.2782
5749,50,0.8877
5750,65,1.1540
5751,68,1.2072
5752,84,1.4913
5753,118,2.0949
5754,75,1.3315
5755,36,0.6391
5756,65,1.1540
5757,52,0.9232
5758,60,1.0652
5759,60,1.0652
5760,49,0.8699
5761,34,0.6036
5762,56,0.9942
5763,45,0.7989
5764,28,0.4971
5765,61,1.0829
5766,25,0.4438
5767,28,0.4971
5768,39,0.6924
5769,46,0.8167
5770,57,1.0119
5771,52,0.9232
5772,61,1.0829
5773,37,0.6569
5774,48,0.8522
5775,45,0.7989
5776,29,0.5148
5777,39,0.6924
5778,39,0.6924
5779,28,0.4971
5780,27,0.4793
5781,26,0.4616
5782,50,0.8877
5783,34,0.6036
5784,62,1.1007
5785,49,0.8699
5786,45,0.7989
5787,35,0.6214
5788,53,0.9409
5789,36,0.6391
5790,60,1.0652
5791,52,0.9232
5792,40,0.7101
5793,41,0.7279
5794,56,0.9942
5795,63,1.1185
5796,43,0.7634
5797,29,0.5148
5798,43,0.7634
5799,28,0.4971
5800,49,0.8699
5801,25,0.4438
5802,38,0.6746
5803,25,0.4438
5804,34,0.6036
5805,47,0.8344
5806,27,0.4793
5807,26,0.4616
5808,36,0.6391
5809,31,0.5504
5810,42,0.7456
5811,47,0.8344
5812,41,0.7279
5813,34,0.6036
5814,58,1.0297
5815,43,0.7634
5816,67,1.1895
5817,45,0.7989
5818,27,0.4793
5819,45,0.7989
5820,29,0.5148
5821,50,0.8877
5822,32,0.5681
5823,29,0.5148
5824,49,0.8699
5825,39,0.6924
5826,32,0.5681
5827,19,0.3373
5828,37,0.6569
5829,34,0.6036
5830,36,0.6391
5831,63,1.1185
5832,15,0.2663
5833,38,0.6746
5834,26,0.4616
5835,30,0.5326
5836,21,0.3728
5837,31,0.5504
5838,27,0.4793
5839,8,0.1420
5840,24,0.4261
5841,23,0.4083
5842,24,0.4261
5843,26,0.4616
5844,31,0.5504
5845,26,0.4616
5846,24,0.4261
5847,41,0.7279
5848,20,0.3551
5849,35,0.6214
5850,30,0.5326
5851,37,0.6569
5852,49,0.8699
5853,39,0.6924
5854,32,0.5681
5855,24,0.4261
5856,21,0.3728
5857,13,0.2308
5858,37,0.6569
5859,38,0.6746
5860,35,0.6214
5861,62,1.1007
5862,47,0.8344
5863,47,0.8344
5864,36,0.6391
5865,42,0.7456
5866,34,0.6036
5867,28,0.4971
5868,68,1.2072
5869,41,0.7279
5870,44,0.7811
5871,35,0.6214
5872,34,0.6036
5873,21,0.3728
5874,43,0.7634
5875,31,0.5504
5876,38,0.6746
5877,59,1.0474
5878,28,0.4971
5879,20,0.3551
5880,28,0.4971
5881,27,0.4793
5882,21,0.3728
5883,44,0.7811
5884,43,0.7634
5885,41,0.7279
5886,29,0.5148
5887,21,0.3728
5888,33,0.5859
5889,31,0.5504
5890,48,0.8522
5891,28,0.4971
5892,31,0.5504
5893,40,0.7101
5894,28,0.4971
5895,30,0.5326
5896,17,0.3018
5897,20,0.3551
5898,26,0.4616
5899,30,0.5326
5900,49,0.8699
5901,47,0.8344
5902,44,0.7811
5903,23,0.4083
5904,21,0.3728
5905,32,0.5681
5906,50,0.8877
5907,24,0.4261
5908,27,0.4793
5909,61,1.0829
5910,29,0.5148
5911,42,0.7456
5912,37,0.6569
5913,44,0.7811
5914,55,0.9764
5915,37,0.6569
5916,37,0.6569
5917,27,0.4793
5918,28,0.4971
5919,36,0.6391
5920,32,0.5681
5921,18,0.3196
5922,32,0.5681
5923,42,0.7456
5924,42,0.7456
5925,35,0.6214
5926,36,0.6391
5927,54,0.9587
5928,41,0.7279
5929,32,0.5681
5930,37,0.6569
5931,18,0.3196
5932,17,0.3018
5933,18,0.3196
5934,10,0.1775
5935,20,0.3551
5936,11,0.1953
5937,31,0.5504
5938,16,0.2841
5939,25,0.4438
5940,64,1.1362
5941,45,0.7989
5942,44,0.7811
5943,41,0.7279
5944,24,0.4261
5945,36,0.6391
5946,20,0.3551
5947,23,0.4083
5948,31,0.5504
5949,35,0.6214
5950,21,0.3728
5951,25,0.4438
5952,14,0.2485
5953,43,0.7634
5954,32,0.5681
5955,30,0.5326
5956,41,0.7279
5957,47,0.8344
5958,47,0.8344
5959,38,0.6746
5960,56,0.9942
5961,44,0.7811
5962,27,0.4793
5963,25,0.4438
5964,43,0.7634
5965,42,0.7456
5966,41,0.7279
5967,38,0.6746
5968,29,0.5148
5969,35,0.6214
5970,30,0.5326
5971,27,0.4793
5972,29,0.5148
5973,38,0.6746
5974,45,0.7989
5975,41,0.7279
5976,40,0.7101
5977,34,0.6036
5978,32,0.5681
5979,42,0.7456
5980,43,0.7634
5981,31,0.5504
5982,36,0.6391
5983,24,0.4261
5984,29,0.5148
5985,21,0.3728
5986,29,0.5148
5987,12,0.2130
5988,29,0.5148
5989,33,0.5859
5990,36,0.6391
5991,24,0.4261
5992,26,0.4616
5993,36,0.6391
5994,21,0.3728
5995,23,0.4083
5996,36,0.6391
5997,41,0.7279
5998,15,0.2663
5999,14,0.2485
6000,20,0.3551
6001,45,0.7989
6002,40,0.7101
6003,38,0.6746
6004,49,0.8699
6005,29,0.5148
6006,45,0.7989
6007,21,0.3728
6008,19,0.3373
6009,38,0.6746
6010,35,0.6214
6011,24,0.4261
6012,25,0.4438
6013,17,0.3018
6014,23,0.4083
6015,28,0.4971
6016,23,0.4083
6017,23,0.4083
6018,30,0.5326
6019,31,0.5504
6020,12,0.2130
6021,19,0.3373
6022,9,0.1598
6023,13,0.2308
6024,26,0.4616
6025,15,0.2663
6026,21,0.3728
6027,20,0.3551
6028,23,0.4083
6029,14,0.2485
6030,24,0.4261
6031,26,0.4616
6032,37,0.6569
6033,23,0.4083
6034,19,0.3373
6035,15,0.2663
6036,34,0.6036
6037,33,0.5859
6038,41,0.7279
6039,25,0.4438
6040,25,0.4438
6041,11,0.1953
6042,21,0.3728
6043,23,0.4083
6044,13,0.2308
6045,14,0.2485
6046,18,0.3196
6047,20,0.3551
6048,19,0.3373
6049,17,0.3018
6050,11,0.1953
6051,26,0.4616
6052,45,0.7989
6053,28,0.4971
6054,28,0.4971
6055,31,0.5504
6056,12,0.2130
6057,23,0.4083
6058,18,0.3196
6059,24,0.4261
6060,13,0.2308
6061,18,0.3196
6062,28,0.4971
6063,13,0.2308
6064,14,0.2485
6065,21,0.3728
6066,24,0.4261
6067,20,0.3551
6068,17,0.3018
6069,25,0.4438
6070,27,0.4793
6071,17,0.3018
6072,16,0.2841
6073,28,0.4971
6074,25,0.4438
6075,18,0.3196
6076,49,0.8699
6077,39,0.6924
6078,27,0.4793
6079,30,0.5326
6080,25,0.4438
6081,20,0.3551
6082,23,0.4083
6083,35,0.6214
6084,29,0.5148
6085,22,0.3906
6086,22,0.3906
6087,48,0.8522
6088,44,0.7811
6089,28,0.4971
6090,31,0.5504
6091,31,0.5504
6092,31,0.5504
6093,27,0.4793
6094,16,0.2841
6095,16,0.2841
6096,26,0.4616
6097,22,0.3906
6098,40,0.7101
6099,44,0.7811
6100,41,0.7279
6101,36,0.6391
6102,26,0.4616
6103,29,0.5148
6104,31,0.5504
6105,48,0.8522
6106,28,0.4971
6107,26,0.4616
6108,18,0.3196
6109,29,0.5148
6110,25,0.4438
6111,20,0.3551
6112,34,0.6036
6113,21,0.3728
6114,18,0.3196
6115,34,0.6036
6116,24,0.4261
6117,32,0.5681
6118,33,0.5859
6119,32,0.5681
6120,48,0.8522
6121,33,0.5859
6122,32,0.5681
6123,14,0.2485
6124,26,0.4616
6125,27,0.4793
6126,31,0.5504
6127,20,0.3551
6128,22,0.3906
6129,11,0.1953
6130,19,0.3373
6131,34,0.6036
6132,17,0.3018
6133,23,0.4083
6134,45,0.7989
6135,28,0.4971
6136,34,0.6036
6137,23,0.4083
6138,25,0.4438
6139,40,0.7101
6140,13,0.2308
6141,15,0.2663
6142,30,0.5326
6143,40,0.7101
6144,39,0.6924
6145,32,0.5681
6146,27,0.4793
6147,38,0.6746
6148,37,0.6569
6149,28,0.4971
6150,32,0.5681
6151,37,0.6569
6152,40,0.7101
6153,40,0.7101
6154,23,0.4083
6155,35,0.6214
6156,70,1.2427
6157,39,0.6924
6158,24,0.4261
6159,27,0.4793
6160,37,0.6569
6161,27,0.4793
6162,16,0.2841
6163,15,0.2663
6164,29,0.5148
6165,31,0.5504
6166,52,0.9232
6167,27,0.4793
6168,28,0.4971
6169,13,0.2308
6170,28,0.4971
6171,32,0.5681
6172,34,0.6036
6173,19,0.3373
6174,32,0.5681
6175,45,0.7989
6176,39,0.6924
6177,34,0.6036
6178,31,0.5504
6179,34,0.6036
6180,47,0.8344
6181,47,0.8344
6182,38,0.6746
6183,40,0.7101
6184,29,0.5148
6185,48,0.8522
6186,44,0.7811
6187,30,0.5326
6188,53,0.9409
6189,37,0.6569
6190,12,0.2130
6191,67,1.1895
6192,49,0.8699
6193,49,0.8699
6194,49,0.8699
6195,53,0.9409
6196,44,0.7811
6197,44,0.7811
6198,41,0.7279
6199,25,0.4438
6200,26,0.4616
6201,38,0.6746
6202,35,0.6214
6203,35,0.6214
6204,31,0.5504
6205,31,0.5504
6206,37,0.6569
6207,52,0.9232
6208,48,0.8522
6209,33,0.5859
6210,43,0.7634
6211,30,0.5326
6212,30,0.5326
6213,34,0.6036
6214,65,1.1540
6215,49,0.8699
6216,59,1.0474
6217,40,0.7101
6218,54,0.9587
6219,57,1.0119
6220,51,0.9054
6221,55,0.9764
6222,66,1.1717
6223,95,1.6866
6224,81,1.4380
6225,55,0.9764
6226,62,1.1007
6227,76,1.3492
6228,59,1.0474
6229,72,1.2782
6230,47,0.8344
6231,72,1.2782
6232,93,1.6511
6233,59,1.0474
6234,70,1.2427
6235,60,1.0652
6236,65,1.1540
6237,69,1.2250
6238,60,1.0652
6239,56,0.9942
6240,39,0.6924
6241,89,1.5800
6242,23,0.4083
6243,48,0.8522
6244,46,0.8167
6245,49,0.8699
6246,56,0.9942
6247,59,1.0474
6248,47,0.8344
6249,32,0.5681
6250,39,0.6924
6251,54,0.9587
6252,50,0.8877
6253,73,1.2960
6254,50,0.8877
6255,48,0.8522
6256,58,1.0297
6257,80,1.4203
6258,64,1.1362
6259,77,1.3670
6260,59,1.0474
6261,72,1.2782
6262,65,1.1540
6263,53,0.9409
6264,63,1.1185
6265,46,0.8167
6266,57,1.0119
6267,62,1.1007
6268,74,1.3137
6269,53,0.9409
6270,40,0.7101
6271,28,0.4971
6272,46,0.8167
6273,65,1.1540
6274,52,0.9232
6275,96,1.7043
6276,89,1.5800
6277,66,1.1717
6278,67,1.1895
6279,104,1.8463
6280,74,1.3137
6281,101,1.7931
6282,70,1.2427
6283,89,1.5800
6284,92,1.6333
6285,80,1.4203
6286,83,1.4735
6287,76,1.3492
6288,50,0.8877
6289,77,1.3670
6290,68,1.2072
6291,70,1.2427
6292,70,1.2427
6293,61,1.0829
6294,71,1.2605
6295,55,0.9764
6296,76,1.3492
6297,61,1.0829
6298,69,1.2250
6299,93,1.6511
6300,46,0.8167
6301,60,1.0652
6302,49,0.8699
6303,41,0.7279
6304,41,0.7279
6305,34,0.6036
6306,75,1.3315
6307,86,1.5268
6308,90,1.5978
6309,62,1.1007
6310,66,1.1717
6311,73,1.2960
6312,68,1.2072
6313,69,1.2250
6314,47,0.8344
6315,42,0.7456
6316,54,0.9587
6317,45,0.7989
6318,95,1.6866
6319,70,1.2427
6320,73,1.2960
6321,57,1.0119
6322,95,1.6866
6323,63,1.1185
6324,55,0.9764
6325,74,1.3137
6326,97,1.7221
6327,64,1.1362
6328,74,1.3137
6329,82,1.4558
6330,57,1.0119
6331,126,2.2369
6332,78,1.3848
6333,108,1.9174
6334,71,1.2605
6335,65,1.1540
6336,57,1.0119
6337,95,1.6866
6338,83,1.4735
6339,81,1.4380
6340,87,1.5445
6341,93,1.6511
6342,124,2.2014
6343,87,1.5445
6344,83,1.4735
6345,83,1.4735
6346,82,1.4558
6347,78,1.3848
6348,76,1.3492
6349,70,1.2427
6350,51,0.9054
6351,64,1.1362
6352,59,1.0474
6353,90,1.5978
6354,106,1.8818
6355,98,1.7398
6356,72,1.2782
6357,97,1.7221
6358,91,1.6155
6359,97,1.7221
6360,117,2.0771
6361,72,1.2782
6362,72,1.2782
6363,115,2.0416
6364,82,1.4558
6365,96,1.7043
6366,76,1.3492
6367,51,0.9054
6368,58,1.0297
6369,99,1.7576
6370,85,1.5090
6371,81,1.4380
6372,101,1.7931
6373,64,1.1362
6374,65,1.1540
6375,63,1.1185
6376,56,0.9942
6377,66,1.1717
6378,98,1.7398
6379,100,1.7753
6380,73,1.2960
6381,93,1.6511
6382,74,1.3137
6383,66,1.1717
6384,94,1.6688
6385,81,1.4380
6386,79,1.4025
6387,60,1.0652
6388,34,0.6036
6389,55,0.9764
6390,73,1.2960
6391,95,1.6866
6392,95,1.6866
6393,87,1.5445
6394,80,1.4203
6395,83,1.4735
6396,101,1.7931
6397,76,1.3492
6398,112,1.9884
6399,111,1.9706
6400,107,1.8996
6401,74,1.3137
6402,98,1.7398
6403,91,1.6155
6404,93,1.6511
6405,114,2.0239
6406,106,1.8818
6407,94,1.6688
6408,13,0.2308
6409,104,1.8463
6410,35,0.6214
6411,15,0.2663
6412,79,1.4025
6413,125,2.2192
6414,108,1.9174
6415,61,1.0829
6416,94,1.6688
6417,75,1.3315
6418,138,2.4500
6419,111,1.9706
6420,82,1.4558
6421,75,1.3315
6422,73,1.2960
6423,104,1.8463
6424,71,1.2605
6425,101,1.7931
6426,100,1.7753
6427,61,1.0829
6428,69,1.2250
6429,82,1.4558
6430,77,1.3670
6431,96,1.7043
6432,115,2.0416
6433,122,2.1659
6434,103,1.8286
6435,90,1.5978
6436,92,1.6333
6437,103,1.8286
6438,114,2.0239
6439,103,1.8286
6440,143,2.5387
6441,91,1.6155
6442,167,2.9648
6443,129,2.2902
6444,112,1.9884
6445,95,1.6866
6446,107,1.8996
6447,129,2.2902
6448,89,1.5800
6449,102,1.8108
6450,100,1.7753
6451,93,1.6511
6452,88,1.5623
6453,85,1.5090
6454,82,1.4558
6455,103,1.8286
6456,68,1.2072
6457,111,1.9706
6458,97,1.7221
6459,73,1.2960
6460,119,2.1126
6461,144,2.5565
6462,99,1.7576
6463,81,1.4380
6464,93,1.6511
6465,83,1.4735
6466,102,1.8108
6467,140,2.4855
6468,121,2.1481
6469,95,1.6866
6470,141,2.5032
6471,116,2.0594
6472,105,1.8641
6473,158,2.8050
6474,114,2.0239
6475,106,1.8818
6476,102,1.8108
6477,143,2.5387
6478,114,2.0239
6479,102,1.8108
6480,107,1.8996
6481,97,1.7221
6482,92,1.6333
6483,121,2.1481
6484,92,1.6333
6485,100,1.7753
6486,107,1.8996
6487,114,2.0239
6488,104,1.8463
6489,107,1.8996
6490,69,1.2250
6491,59,1.0474
6492,76,1.3492
6493,60,1.0652
6494,106,1.8818
6495,95,1.6866
6496,89,1.5800
6497,34,0.6036
6498,66,1.1717
6499,137,2.4322
6500,118,2.0949
6501,118,2.0949
6502,120,2.1304
6503,126,2.2369
6504,85,1.5090
6505,101,1.7931
6506,118,2.0949
6507,124,2.2014
6508,97,1.7221
6509,126,2.2369
6510,129,2.2902
6511,148,2.6275
6512,126,2.2369
6513,157,2.7873
6514,137,2.4322
6515,135,2.3967
6516,110,1.9529
6517,117,2.0771
6518,124,2.2014
6519,97,1.7221
6520,107,1.8996
6521,110,1.9529
6522,86,1.5268
6523,94,1.6688
6524,117,2.0771
6525,118,2.0949
6526,90,1.5978
6527,72,1.2782
6528,43,0.7634
6529,55,0.9764
6530,120,2.1304
6531,81,1.4380
6532,74,1.3137
6533,50,0.8877
6534,145,2.5742
6535,135,2.3967
6536,95,1.6866
6537,102,1.8108
6538,80,1.4203
6539,146,2.5920
6540,68,1.2072
6541,84,1.4913
6542,120,2.1304
6543,142,2.5210
6544,138,2.4500
6545,115,2.0416
6546,107,1.8996
6547,116,2.0594
6548,101,1.7931
6549,103,1.8286
6550,95,1.6866
6551,124,2.2014
6552,75,1.3315
6553,50,0.8877
6554,90,1.5978
6555,62,1.1007
6556,48,0.8522
6557,74,1.3137
6558,77,1.3670
6559,60,1.0652
6560,53,0.9409
6561,53,0.9409
6562,54,0.9587
6563,59,1.0474
6564,47,0.8344
6565,68,1.2072
6566,45,0.7989
6567,70,1.2427
6568,54,0.9587
6569,68,1.2072
6570,87,1.5445
6571,85,1.5090
6572,74,1.3137
6573,75,1.3315
6574,100,1.7753
6575,106,1.8818
6576,89,1.5800
6577,82,1.4558
6578,68,1.2072
6579,93,1.6511
6580,29,0.5148
6581,39,0.6924
6582,11,0.1953
6583,21,0.3728
6584,14,0.2485
6585,85,1.5090
6586,135,2.3967
6587,113,2.0061
6588,132,2.3434
6589,65,1.1540
6590,134,2.3789
6591,148,2.6275
6592,162,2.8760
6593,133,2.3612
6594,106,1.8818
6595,97,1.7221
6596,102,1.8108
6597,87,1.5445
6598,95,1.6866
6599,128,2.2724
6600,133,2.3612
6601,171,3.0358
6602,125,2.2192
6603,106,1.8818
6604,101,1.7931
6605,70,1.2427
6606,110,1.9529
6607,87,1.5445
6608,128,2.2724
6609,150,2.6630
6610,140,2.4855
6611,116,2.0594
6612,131,2.3257
6613,130,2.3079
6614,123,2.1837
6615,136,2.4144
6616,104,1.8463
6617,142,2.5210
6618,150,2.6630
6619,155,2.7518
6620,118,2.0949
6621,116,2.0594
6622,119,2.1126
6623,150,2.6630
6624,145,2.5742
6625,158,2.8050
6626,142,2.5210
6627,138,2.4500
6628,144,2.5565
6629,148,2.6275
6630,145,2.5742
6631,143,2.5387
6632,110,1.9529
6633,162,2.8760
6634,171,3.0358
6635,147,2.6097
6636,152,2.6985
6637,136,2.4144
6638,171,3.0358
6639,127,2.2547
6640,154,2.7340
6641,152,2.6985
6642,120,2.1304
6643,110,1.9529
6644,113,2.0061
6645,147,2.6097
6646,195,3.4619
6647,139,2.4677
6648,146,2.5920
6649,149,2.6452
6650,127,2.2547
6651,136,2.4144
6652,126,2.2369
6653,125,2.2192
6654,127,2.2547
6655,172,3.0536
6656,127,2.2547
6657,138,2.4500
6658,79,1.4025
6659,102,1.8108
6660,192,3.4086
6661,99,1.7576
6662,110,1.9529
6663,114,2.0239
6664,64,1.1362
6665,62,1.1007
6666,137,2.4322
6667,146,2.5920
6668,131,2.3257
6669,144,2.5565
6670,130,2.3079
6671,147,2.6097
6672,118,2.0949
6673,145,2.5742
6674,112,1.9884
6675,92,1.6333
6676,128,2.2724
6677,141,2.5032
6678,119,2.1126
6679,135,2.3967
6680,139,2.4677
6681,115,2.0416
6682,128,2.2724
6683,123,2.1837
6684,157,2.7873
6685,168,2.9825
6686,127,2.2547
6687,118,2.0949
6688,145,2.5742
6689,112,1.9884
6690,117,2.0771
6691,119,2.1126
6692,89,1.5800
6693,95,1.6866
6694,115,2.0416
6695,114,2.0239
6696,95,1.6866
6697,94,1.6688
6698,112,1.9884
6699,126,2.2369
6700,123,2.1837
6701,106,1.8818
6702,125,2.2192
6703,137,2.4322
6704,104,1.8463
6705,32,0.5681
6706,38,0.6746
6707,54,0.9587
6708,53,0.9409
6709,70,1.2427
6710,64,1.1362
6711,106,1.8818
6712,107,1.8996
6713,85,1.5090
6714,85,1.5090
6715,121,2.1481
6716,110,1.9529
6717,114,2.0239
6718,136,2.4144
6719,113,2.0061
6720,100,1.7753
6721,126,2.2369
6722,109,1.9351
6723,128,2.2724
6724,129,2.2902
6725,131,2.3257
6726,155,2.7518
6727,98,1.7398
6728,87,1.5445
6729,86,1.5268
6730,93,1.6511
6731,145,2.5742
6732,129,2.2902
6733,117,2.0771
6734,142,2.5210
6735,126,2.2369
6736,182,3.2311
6737,137,2.4322
6738,148,2.6275
6739,165,2.9293
6740,167,2.9648
6741,132,2.3434
6742,91,1.6155
6743,96,1.7043
6744,115,2.0416
6745,78,1.3848
6746,136,2.4144
6747,143,2.5387
6748,145,2.5742
6749,156,2.7695
6750,123,2.1837
6751,111,1.9706
6752,95,1.6866
6753,93,1.6511
6754,96,1.7043
6755,111,1.9706
6756,99,1.7576
6757,104,1.8463
6758,116,2.0594
6759,85,1.5090
6760,127,2.2547
6761,94,1.6688
6762,102,1.8108
6763,96,1.7043
6764,129,2.2902
6765,127,2.2547
6766,112,1.9884
6767,140,2.4855
6768,127,2.2547
6769,154,2.7340
6770,121,2.1481
6771,117,2.0771
6772,149,2.6452
6773,105,1.8641
6774,131,2.3257
6775,110,1.9529
6776,129,2.2902
6777,132,2.3434
6778,103,1.8286
6779,81,1.4380
6780,96,1.7043
6781,108,1.9174
6782,108,1.9174
6783,91,1.6155
6784,83,1.4735
6785,96,1.7043
6786,92,1.6333
6787,91,1.6155
6788,86,1.5268
6789,89,1.5800
6790,67,1.1895
6791,71,1.2605
6792,59,1.0474
6793,71,1.2605
6794,84,1.4913
6795,51,0.9054
6796,85,1.5090
6797,104,1.8463
6798,101,1.7931
6799,83,1.4735
6800,86,1.5268
6801,97,1.7221
6802,106,1.8818
6803,118,2.0949
6804,78,1.3848
6805,110,1.9529
6806,87,1.5445
6807,90,1.5978
6808,99,1.7576
6809,39,0.6924
6810,3,0.0533
6811,16,0.2841
6812,0,0.0000
6813,0,0.0000
6814,1,0.0178
6815,112,1.9884
6816,90,1.5978
6817,78,1.3848
6818,76,1.3492
6819,95,1.6866
6820,79,1.4025
6821,86,1.5268
6822,99,1.7576
6823,73,1.2960
6824,58,1.0297
6825,122,2.1659
6826,126,2.2369
6827,89,1.5800
6828,63,1.1185
6829,81,1.4380
6830,86,1.5268
6831,70,1.2427
6832,71,1.2605
6833,97,1.7221
6834,83,1.4735
6835,50,0.8877
6836,56,0.9942
6837,118,2.0949
6838,53,0.9409
6839,69,1.2250
6840,89,1.5800
6841,103,1.8286
6842,77,1.3670
6843,70,1.2427
6844,74,1.3137
6845,74,1.3137
6846,68,1.2072
6847,59,1.0474
6848,72,1.2782
6849,76,1.3492
6850,63,1.1185
6851,71,1.2605
6852,39,0.6924
6853,64,1.1362
6854,35,0.6214
6855,72,1.2782
6856,92,1.6333
6857,77,1.3670
6858,73,1.2960
6859,58,1.0297
6860,75,1.3315
6861,59,1.0474
6862,82,1.4558
6863,61,1.0829
6864,78,1.3848
6865,96,1.7043
6866,71,1.2605
6867,98,1.7398
6868,49,0.8699
6869,58,1.0297
6870,66,1.1717
6871,69,1.2250
6872,56,0.9942
6873,68,1.2072
6874,68,1.2072
6875,59,1.0474
6876,84,1.4913
6877,78,1.3848
6878,65,1.1540
6879,83,1.4735
6880,98,1.7398
6881,82,1.4558
6882,84,1.4913
6883,77,1.3670
6884,75,1.3315
6885,59,1.0474
6886,73,1.2960
6887,62,1.1007
6888,38,0.6746
6889,44,0.7811
6890,57,1.0119
6891,70,1.2427
6892,73,1.2960
6893,74,1.3137
6894,76,1.3492
6895,89,1.5800
6896,71,1.2605
6897,79,1.4025
6898,59,1.0474
6899,74,1.3137
6900,93,1.6511
6901,81,1.4380
6902,75,1.3315
6903,78,1.3848
6904,77,1.3670
6905,107,1.8996
6906,81,1.4380
6907,78,1.3848
6908,54,0.9587
6909,65,1.1540
6910,86,1.5268
6911,119,2.1126
6912,109,1.9351
6913,94,1.6688
6914,102,1.8108
6915,77,1.3670
6916,65,1.1540
6917,81,1.4380
6918,63,1.1185
6919,49,0.8699
6920,68,1.2072
6921,54,0.9587
6922,43,0.7634
6923,65,1.1540
6924,83,1.4735
6925,54,0.9587
6926,44,0.7811
6927,60,1.0652
6928,44,0.7811
6929,45,0.7989
6930,87,1.5445
6931,77,1.3670
6932,52,0.9232
6933,63,1.1185
6934,60,1.0652
6935,74,1.3137
6936,67,1.1895
6937,63,1.1185
6938,77,1.3670
6939,88,1.5623
6940,70,1.2427
6941,46,0.8167
6942,61,1.0829
6943,50,0.8877
6944,59,1.0474
6945,60,1.0652
6946,40,0.7101
6947,32,0.5681
6948,55,0.9764
6949,74,1.3137
6950,63,1.1185
6951,41,0.7279
6952,81,1.4380
6953,80,1.4203
6954,55,0.9764
6955,64,1.1362
6956,71,1.2605
6957,36,0.6391
6958,36,0.6391
6959,12,0.2130
6960,26,0.4616
6961,51,0.9054
6962,49,0.8699
6963,39,0.6924
6964,80,1.4203
6965,48,0.8522
6966,49,0.8699
6967,52,0.9232
6968,55,0.9764
6969,55,0.9764
6970,54,0.9587
6971,47,0.8344
6972,31,0.5504
6973,51,0.9054
6974,36,0.6391
6975,53,0.9409
6976,37,0.6569
6977,54,0.9587
6978,55,0.9764
6979,83,1.4735
6980,48,0.8522
6981,0,0.0000
6982,40,0.7101
6983,61,1.0829
6984,50,0.8877
6985,44,0.7811
6986,42,0.7456
6987,53,0.9409
6988,63,1.1185
6989,86,1.5268
6990,71,1.2605
6991,66,1.1717
6992,49,0.8699
6993,55,0.9764
6994,73,1.2960
6995,49,0.8699
6996,78,1.3848
6997,47,0.8344
6998,64,1.1362
6999,56,0.9942
7000,48,0.8522
7001,46,0.8167
7002,51,0.9054
7003,50,0.8877
7004,74,1.3137
7005,40,0.7101
7006,50,0.8877
7007,52,0.9232
7008,34,0.6036
7009,33,0.5859
7010,60,1.0652
7011,52,0.9232
7012,67,1.1895
7013,43,0.7634
7014,54,0.9587
7015,55,0.9764
7016,69,1.2250
7017,67,1.1895
7018,50,0.8877
7019,39,0.6924
7020,52,0.9232
7021,62,1.1007
7022,52,0.9232
7023,39,0.6924
7024,32,0.5681
7025,39,0.6924
7026,37,0.6569
7027,34,0.6036
7028,54,0.9587
7029,49,0.8699
7030,46,0.8167
7031,26,0.4616
7032,59,1.0474
7033,50,0.8877
7034,64,1.1362
7035,65,1.1540
7036,47,0.8344
7037,66,1.1717
7038,65,1.1540
7039,64,1.1362
7040,56,0.9942
7041,73,1.2960
7042,46,0.8167
7043,47,0.8344
7044,50,0.8877
7045,84,1.4913
7046,70,1.2427
7047,84,1.4913
7048,95,1.6866
7049,70,1.2427
7050,66,1.1717
7051,53,0.9409
7052,70,1.2427
7053,89,1.5800
7054,64,1.1362
7055,38,0.6746
7056,56,0.9942
7057,60,1.0652
7058,62,1.1007
7059,41,0.7279
7060,43,0.7634
7061,30,0.5326
7062,54,0.9587
7063,43,0.7634
7064,48,0.8522
7065,13,0.2308
7066,12,0.2130
7067,21,0.3728
7068,5,0.0888
7069,22,0.3906
7070,3,0.0533
7071,75,1.3315
7072,55,0.9764
7073,74,1.3137
7074,78,1.3848
7075,66,1.1717
7076,49,0.8699
7077,44,0.7811
7078,52,0.9232
7079,74,1.3137
7080,74,1.3137
7081,72,1.2782
7082,61,1.0829
7083,56,0.9942
7084,25,0.4438
7085,24,0.4261
7086,59,1.0474
7087,50,0.8877
7088,49,0.8699
7089,47,0.8344
7090,68,1.2072
7091,59,1.0474
7092,64,1.1362
7093,59,1.0474
7094,59,1.0474
7095,45,0.7989
7096,42,0.7456
7097,48,0.8522
7098,68,1.2072
7099,38,0.6746
7100,38,0.6746
7101,66,1.1717
7102,38,0.6746
7103,50,0.8877
7104,43,0.7634
7105,30,0.5326
7106,48,0.8522
7107,73,1.2960
7108,77,1.3670
7109,74,1.3137
7110,45,0.7989
7111,63,1.1185
7112,41,0.7279
7113,56,0.9942
7114,34,0.6036
7115,85,1.5090
7116,46,0.8167
7117,61,1.0829
7118,46,0.8167
7119,72,1.2782
7120,33,0.5859
7121,51,0.9054
7122,44,0.7811
7123,62,1.1007
7124,54,0.9587
7125,62,1.1007
7126,60,1.0652
7127,71,1.2605
7128,71,1.2605
7129,76,1.3492
7130,52,0.9232
7131,62,1.1007
7132,77,1.3670
7133,48,0.8522
7134,48,0.8522
7135,44,0.7811
7136,59,1.0474
7137,40,0.7101
7138,18,0.3196
7139,21,0.3728
7140,73,1.2960
7141,54,0.9587
7142,55,0.9764
7143,28,0.4971
7144,53,0.9409
7145,47,0.8344
7146,55,0.9764
7147,55,0.9764
7148,37,0.6569
7149,50,0.8877
7150,53,0.9409
7151,48,0.8522
7152,46,0.8167
7153,50,0.8877
7154,55,0.9764
7155,54,0.9587
7156,51,0.9054
7157,61,1.0829
7158,64,1.1362
7159,85,1.5090
7160,75,1.3315
7161,37,0.6569
7162,33,0.5859
7163,48,0.8522
7164,45,0.7989
7165,40,0.7101
7166,53,0.9409
7167,52,0.9232
7168,57,1.0119
7169,37,0.6569
7170,33,0.5859
7171,52,0.9232
7172,41,0.7279
7173,38,0.6746
7174,35,0.6214
7175,54,0.9587
7176,38,0.6746
7177,37,0.6569
7178,63,1.1185
7179,52,0.9232
7180,62,1.1007
7181,76,1.3492
7182,50,0.8877
7183,61,1.0829
7184,44,0.7811
7185,43,0.7634
7186,53,0.9409
7187,69,1.2250
7188,55,0.9764
7189,44,0.7811
7190,62,1.1007
7191,48,0.8522
7192,40,0.7101
7193,46,0.8167
7194,32,0.5681
7195,73,1.2960
7196,51,0.9054
7197,43,0.7634
7198,46,0.8167
7199,40,0.7101
7200,69,1.2250
7201,32,0.5681
7202,36,0.6391
7203,41,0.7279
7204,66,1.1717
7205,56,0.9942
7206,41,0.7279
7207,27,0.4793
7208,37,0.6569
7209,32,0.5681
7210,65,1.1540
7211,51,0.9054
7212,26,0.4616
7213,40,0.7101
7214,40,0.7101
7215,42,0.7456
7216,28,0.4971
7217,40,0.7101
7218,33,0.5859
7219,20,0.3551
7220,29,0.5148
7221,38,0.6746
7222,43,0.7634
7223,45,0.7989
7224,34,0.6036
7225,55,0.9764
7226,32,0.5681
7227,39,0.6924
7228,49,0.8699
7229,63,1.1185
7230,60,1.0652
7231,58,1.0297
7232,47,0.8344
7233,41,0.7279
7234,41,0.7279
7235,34,0.6036
7236,56,0.9942
7237,86,1.5268
7238,54,0.9587
7239,44,0.7811
7240,48,0.8522
7241,38,0.6746
7242,52,0.9232
7243,45,0.7989
7244,44,0.7811
7245,46,0.8167
7246,27,0.4793
7247,27,0.4793
7248,56,0.9942
7249,56,0.9942
7250,56,0.9942
7251,35,0.6214
7252,28,0.4971
7253,44,0.7811
7254,63,1.1185
7255,40,0.7101
7256,51,0.9054
7257,44,0.7811
7258,49,0.8699
7259,39,0.6924
7260,31,0.5504
7261,37,0.6569
7262,23,0.4083
7263,23,0.4083
7264,36,0.6391
7265,26,0.4616
7266,40,0.7101
7267,39,0.6924
7268,33,0.5859
7269,18,0.3196
7270,33,0.5859
7271,25,0.4438
7272,15,0.2663
7273,16,0.2841
7274,26,0.4616
7275,24,0.4261
7276,42,0.7456
7277,41,0.7279
7278,56,0.9942
7279,32,0.5681
7280,30,0.5326
7281,33,0.5859
7282,19,0.3373
7283,26,0.4616
7284,37,0.6569
7285,32,0.5681
7286,27,0.4793
7287,30,0.5326
7288,34,0.6036
7289,25,0.4438
7290,17,0.3018
7291,34,0.6036
7292,53,0.9409
7293,50,0.8877
7294,35,0.6214
7295,38,0.6746
7296,42,0.7456
7297,27,0.4793
7298,16,0.2841
7299,29,0.5148
7300,30,0.5326
7301,36,0.6391
7302,44,0.7811
7303,45,0.7989
7304,26,0.4616
7305,49,0.8699
7306,39,0.6924
7307,52,0.9232
7308,26,0.4616
7309,33,0.5859
7310,14,0.2485
7311,22,0.3906
7312,46,0.8167
7313,38,0.6746
7314,36,0.6391
7315,25,0.4438
7316,19,0.3373
7317,57,1.0119
7318,41,0.7279
7319,20,0.3551
7320,39,0.6924
7321,17,0.3018
7322,36,0.6391
7323,38,0.6746
7324,23,0.4083
7325,18,0.3196
7326,35,0.6214
7327,22,0.3906
7328,22,0.3906
7329,16,0.2841
7330,17,0.3018
7331,23,0.4083
7332,28,0.4971
7333,34,0.6036
7334,42,0.7456
7335,37,0.6569
7336,35,0.6214
7337,34,0.6036
7338,53,0.9409
7339,24,0.4261
7340,27,0.4793
7341,38,0.6746
7342,39,0.6924
7343,19,0.3373
7344,21,0.3728
7345,32,0.5681
7346,60,1.0652
7347,56,0.9942
7348,27,0.4793
7349,55,0.9764
7350,33,0.5859
7351,23,0.4083
7352,21,0.3728
7353,21,0.3728
7354,37,0.6569
7355,25,0.4438
7356,18,0.3196
7357,13,0.2308
7358,34,0.6036
7359,33,0.5859
7360,8,0.1420
7361,25,0.4438
7362,20,0.3551
7363,31,0.5504
7364,53,0.9409
7365,36,0.6391
7366,51,0.9054
7367,26,0.4616
7368,38,0.6746
7369,26,0.4616
7370,12,0.2130
7371,21,0.3728
7372,31,0.5504
7373,24,0.4261
7374,16,0.2841
7375,28,0.4971
7376,43,0.7634
7377,38,0.6746
7378,32,0.5681
7379,21,0.3728
7380,23,0.4083
7381,28,0.4971
7382,14,0.2485
7383,13,0.2308
7384,35,0.6214
7385,22,0.3906
7386,25,0.4438
7387,26,0.4616
7388,25,0.4438
7389,35,0.6214
7390,33,0.5859
7391,35,0.6214
7392,20,0.3551
7393,19,0.3373
7394,9,0.1598
7395,24,0.4261
7396,24,0.4261
7397,30,0.5326
7398,28,0.4971
7399,24,0.4261
7400,18,0.3196
7401,25,0.4438
7402,28,0.4971
7403,22,0.3906
7404,34,0.6036
7405,57,1.0119
7406,21,0.3728
7407,43,0.7634
7408,23,0.4083
7409,25,0.4438
7410,25,0.4438
7411,22,0.3906
7412,26,0.4616
7413,32,0.5681
7414,19,0.3373
7415,47,0.8344
7416,20,0.3551
7417,30,0.5326
7418,28,0.4971
7419,21,0.3728
7420,24,0.4261
7421,13,0.2308
7422,14,0.2485
7423,12,0.2130
7424,22,0.3906
7425,29,0.5148
7426,37,0.6569
7427,22,0.3906
7428,30,0.5326
7429,17,0.3018
7430,14,0.2485
7431,12,0.2130
7432,16,0.2841
7433,23,0.4083
7434,25,0.4438
7435,23,0.4083
7436,33,0.5859
7437,41,0.7279
7438,31,0.5504
7439,43,0.7634
7440,39,0.6924
7441,36,0.6391
7442,21,0.3728
7443,25,0.4438
7444,16,0.2841
7445,32,0.5681
7446,29,0.5148
7447,34,0.6036
7448,45,0.7989
7449,25,0.4438
7450,46,0.8167
7451,26,0.4616
7452,17,0.3018
7453,17,0.3018
7454,22,0.3906
7455,28,0.4971
7456,21,0.3728
7457,18,0.3196
7458,20,0.3551
7459,14,0.2485
7460,22,0.3906
7461,21,0.3728
7462,24,0.4261
7463,20,0.3551
7464,41,0.7279
7465,21,0.3728
7466,31,0.5504
7467,25,0.4438
7468,24,0.4261
7469,24,0.4261
7470,20,0.3551
7471,15,0.2663
7472,36,0.6391
7473,22,0.3906
7474,37,0.6569
7475,23,0.4083
7476,5,0.0888
7477,6,0.1065
7478,19,0.3373
7479,20,0.3551
7480,0,0.0000
7481,26,0.4616
7482,19,0.3373
7483,28,0.4971
7484,18,0.3196
7485,17,0.3018
7486,36,0.6391
7487,17,0.3018
7488,24,0.4261
7489,26,0.4616
7490,22,0.3906
7491,7,0.1243
7492,34,0.6036
7493,9,0.1598
7494,19,0.3373
7495,33,0.5859
7496,27,0.4793
7497,24,0.4261
7498,28,0.4971
7499,28,0.4971
7500,22,0.3906
7501,28,0.4971
7502,38,0.6746
7503,36,0.6391
7504,34,0.6036
7505,29,0.5148
7506,37,0.6569
7507,29,0.5148
7508,24,0.4261
7509,19,0.3373
7510,17,0.3018
7511,15,0.2663
7512,18,0.3196
7513,36,0.6391
7514,25,0.4438
7515,22,0.3906
7516,24,0.4261
7517,33,0.5859
7518,41,0.7279
7519,65,1.1540
7520,36,0.6391
7521,33,0.5859
7522,35,0.6214
7523,23,0.4083
7524,45,0.7989
7525,45,0.7989
7526,35,0.6214
7527,31,0.5504
7528,37,0.6569
7529,22,0.3906
7530,24,0.4261
7531,25,0.4438
7532,41,0.7279
7533,28,0.4971
7534,16,0.2841
7535,38,0.6746
7536,31,0.5504
7537,22,0.3906
7538,30,0.5326
7539,27,0.4793
7540,34,0.6036
7541,26,0.4616
7542,31,0.5504
7543,16,0.2841
7544,16,0.2841
7545,25,0.4438
7546,21,0.3728
7547,12,0.2130
7548,17,0.3018
7549,22,0.3906
7550,12,0.2130
7551,12,0.2130
7552,24,0.4261
7553,12,0.2130
7554,26,0.4616
7555,33,0.5859
7556,31,0.5504
7557,28,0.4971
7558,24,0.4261
7559,14,0.2485
7560,18,0.3196
7561,4,0.0710
7562,13,0.2308
7563,23,0.4083
7564,13,0.2308
7565,34,0.6036
7566,24,0.4261
7567,29,0.5148
7568,40,0.7101
7569,45,0.7989
7570,42,0.7456
7571,23,0.4083
7572,17,0.3018
7573,33,0.5859
7574,14,0.2485
7575,3,0.0533
7576,14,0.2485
7577,21,0.3728
7578,33,0.5859
7579,25,0.4438
7580,45,0.7989
7581,22,0.3906
7582,44,0.7811
7583,47,0.8344
7584,43,0.7634
7585,33,0.5859
7586,28,0.4971
7587,35,0.6214
7588,49,0.8699
7589,26,0.4616
7590,22,0.3906
7591,19,0.3373
7592,42,0.7456
7593,38,0.6746
7594,30,0.5326
7595,37,0.6569
7596,32,0.5681
7597,29,0.5148
7598,48,0.8522
7599,42,0.7456
7600,38,0.6746
7601,21,0.3728
7602,36,0.6391
7603,38,0.6746
7604,44,0.7811
7605,24,0.4261
7606,17,0.3018
7607,50,0.8877
7608,17,0.3018
7609,24,0.4261
7610,32,0.5681
7611,46,0.8167
7612,39,0.6924
7613,28,0.4971
7614,22,0.3906
7615,18,0.3196
7616,29,0.5148
7617,36,0.6391
7618,44,0.7811
7619,48,0.8522
7620,34,0.6036
7621,33,0.5859
7622,30,0.5326
7623,30,0.5326
7624,30,0.5326
7625,45,0.7989
7626,28,0.4971
7627,22,0.3906
7628,12,0.2130
7629,33,0.5859
7630,28,0.4971
7631,47,0.8344
7632,28,0.4971
7633,46,0.8167
7634,58,1.0297
7635,39,0.6924
7636,19,0.3373
7637,51,0.9054
7638,33,0.5859
7639,48,0.8522
7640,59,1.0474
7641,34,0.6036
7642,34,0.6036
7643,52,0.9232
7644,42,0.7456
7645,42,0.7456
7646,44,0.7811
7647,70,1.2427
7648,96,1.7043
7649,76,1.3492
7650,35,0.6214
7651,77,1.3670
7652,31,0.5504
7653,53,0.9409
7654,35,0.6214
7655,45,0.7989
7656,52,0.9232
7657,53,0.9409
7658,47,0.8344
7659,45,0.7989
7660,46,0.8167
7661,49,0.8699
7662,65,1.1540
7663,42,0.7456
7664,48,0.8522
7665,42,0.7456
7666,74,1.3137
7667,49,0.8699
7668,36,0.6391
7669,48,0.8522
7670,56,0.9942
7671,33,0.5859
7672,37,0.6569
7673,51,0.9054
7674,77,1.3670
7675,76,1.3492
7676,59,1.0474
7677,39,0.6924
7678,60,1.0652
7679,52,0.9232
7680,44,0.7811
7681,75,1.3315
7682,80,1.4203
7683,64,1.1362
7684,65,1.1540
7685,86,1.5268
7686,50,0.8877
7687,73,1.2960
7688,92,1.6333
7689,70,1.2427
7690,91,1.6155
7691,84,1.4913
7692,82,1.4558
7693,84,1.4913
7694,82,1.4558
7695,68,1.2072
7696,57,1.0119
7697,59,1.0474
7698,61,1.0829
7699,52,0.9232
7700,79,1.4025
7701,63,1.1185
7702,64,1.1362
7703,57,1.0119
7704,57,1.0119
7705,44,0.7811
7706,46,0.8167
7707,62,1.1007
7708,65,1.1540
7709,42,0.7456
7710,94,1.6688
7711,50,0.8877
7712,52,0.9232
7713,63,1.1185
7714,84,1.4913
7715,74,1.3137
7716,109,1.9351
7717,77,1.3670
7718,46,0.8167
7719,64,1.1362
7720,67,1.1895
7721,76,1.3492
7722,59,1.0474
7723,78,1.3848
7724,92,1.6333
7725,71,1.2605
7726,60,1.0652
7727,66,1.1717
7728,108,1.9174
7729,118,2.0949
7730,88,1.5623
7731,44,0.7811
7732,59,1.0474
7733,69,1.2250
7734,65,1.1540
7735,92,1.6333
7736,75,1.3315
7737,81,1.4380
7738,42,0.7456
7739,79,1.4025
7740,77,1.3670
7741,63,1.1185
7742,81,1.4380
7743,53,0.9409
7744,106,1.8818
7745,76,1.3492
7746,81,1.4380
7747,70,1.2427
7748,106,1.8818
7749,106,1.8818
7750,90,1.5978
7751,65,1.1540
7752,72,1.2782
7753,78,1.3848
7754,65,1.1540
7755,89,1.5800
7756,91,1.6155
7757,109,1.9351
7758,124,2.2014
7759,136,2.4144
7760,92,1.6333
7761,75,1.3315
7762,106,1.8818
7763,104,1.8463
7764,90,1.5978
7765,98,1.7398
7766,57,1.0119
7767,77,1.3670
7768,87,1.5445
7769,83,1.4735
7770,105,1.8641
7771,84,1.4913
7772,58,1.0297
7773,100,1.7753
7774,84,1.4913
7775,98,1.7398
7776,117,2.0771
7777,95,1.6866
7778,68,1.2072
7779,62,1.1007
7780,97,1.7221
7781,96,1.7043
7782,104,1.8463
7783,79,1.4025
7784,92,1.6333
7785,110,1.9529
7786,78,1.3848
7787,53,0.9409
7788,58,1.0297
7789,65,1.1540
7790,92,1.6333
7791,73,1.2960
7792,80,1.4203
7793,62,1.1007
7794,61,1.0829
7795,58,1.0297
7796,58,1.0297
7797,67,1.1895
7798,78,1.3848
7799,72,1.2782
7800,94,1.6688
7801,75,1.3315
7802,94,1.6688
7803,60,1.0652
7804,75,1.3315
7805,72,1.2782
7806,107,1.8996
7807,80,1.4203
7808,80,1.4203
7809,90,1.5978
7810,78,1.3848
7811,85,1.5090
7812,74,1.3137
7813,102,1.8108
7814,109,1.9351
7815,124,2.2014
7816,106,1.8818
7817,68,1.2072
7818,108,1.9174
7819,82,1.4558
7820,74,1.3137
7821,122,2.1659
7822,89,1.5800
7823,98,1.7398
7824,61,1.0829
7825,113,2.0061
7826,117,2.0771
7827,93,1.6511
7828,71,1.2605
7829,92,1.6333
7830,108,1.9174
7831,103,1.8286
7832,97,1.7221
7833,99,1.7576
7834,95,1.6866
7835,100,1.7753
7836,94,1.6688
7837,111,1.9706
7838,113,2.0061
7839,97,1.7221
7840,122,2.1659
7841,92,1.6333
7842,97,1.7221
7843,120,2.1304
7844,124,2.2014
7845,92,1.6333
7846,78,1.3848
7847,91,1.6155
7848,68,1.2072
7849,118,2.0949
7850,82,1.4558
7851,112,1.9884
7852,100,1.7753
7853,102,1.8108
7854,128,2.2724
7855,119,2.1126
7856,127,2.2547
7857,111,1.9706
7858,118,2.0949
7859,104,1.8463
7860,93,1.6511
7861,88,1.5623
7862,82,1.4558
7863,108,1.9174
7864,99,1.7576
7865,132,2.3434
7866,137,2.4322
7867,89,1.5800
7868,73,1.2960
7869,84,1.4913
7870,113,2.0061
7871,128,2.2724
7872,84,1.4913
7873,76,1.3492
7874,112,1.9884
7875,119,2.1126
7876,99,1.7576
7877,95,1.6866
7878,109,1.9351
7879,115,2.0416
7880,95,1.6866
7881,93,1.6511
7882,127,2.2547
7883,71,1.2605
7884,111,1.9706
7885,151,2.6807
7886,141,2.5032
7887,141,2.5032
7888,120,2.1304
7889,106,1.8818
7890,118,2.0949
7891,103,1.8286
7892,87,1.5445
7893,118,2.0949
7894,100,1.7753
7895,124,2.2014
7896,91,1.6155
7897,136,2.4144
7898,125,2.2192
7899,124,2.2014
7900,111,1.9706
7901,94,1.6688
7902,88,1.5623
7903,142,2.5210
7904,139,2.4677
7905,139,2.4677
7906,112,1.9884
7907,88,1.5623
7908,87,1.5445
7909,88,1.5623
7910,88,1.5623
7911,105,1.8641
7912,94,1.6688
7913,114,2.0239
7914,103,1.8286
7915,113,2.0061
7916,95,1.6866
7917,111,1.9706
7918,89,1.5800
7919,105,1.8641
7920,142,2.5210
7921,79,1.4025
7922,63,1.1185
7923,82,1.4558
7924,95,1.6866
7925,95,1.6866
7926,54,0.9587
7927,111,1.9706
7928,103,1.8286
7929,116,2.0594
7930,124,2.2014
7931,64,1.1362
7932,121,2.1481
7933,143,2.5387
7934,66,1.1717
7935,80,1.4203
7936,128,2.2724
7937,130,2.3079
7938,120,2.1304
7939,118,2.0949
7940,121,2.1481
7941,112,1.9884
7942,81,1.4380
7943,79,1.4025
7944,119,2.1126
7945,127,2.2547
7946,104,1.8463
7947,82,1.4558
7948,86,1.5268
7949,104,1.8463
7950,111,1.9706
7951,122,2.1659
7952,47,0.8344
7953,90,1.5978
7954,104,1.8463
7955,105,1.8641
7956,111,1.9706
7957,116,2.0594
7958,124,2.2014
7959,135,2.3967
7960,150,2.6630
7961,122,2.1659
7962,132,2.3434
7963,105,1.8641
7964,85,1.5090
7965,138,2.4500
7966,104,1.8463
7967,134,2.3789
7968,156,2.7695
7969,134,2.3789
7970,124,2.2014
7971,110,1.9529
7972,117,2.0771
7973,85,1.5090
7974,95,1.6866
7975,58,1.0297
7976,128,2.2724
7977,108,1.9174
7978,109,1.9351
7979,97,1.7221
7980,136,2.4144
7981,115,2.0416
7982,111,1.9706
7983,115,2.0416
7984,130,2.3079
7985,114,2.0239
7986,79,1.4025
7987,103,1.8286
7988,88,1.5623
7989,116,2.0594
7990,135,2.3967
7991,153,2.7162
7992,144,2.5565
7993,115,2.0416
7994,91,1.6155
7995,127,2.2547
7996,122,2.1659
7997,122,2.1659
7998,97,1.7221
7999,132,2.3434
8000,113,2.0061
8001,137,2.4322
8002,101,1.7931
8003,122,2.1659
8004,99,1.7576
8005,54,0.9587
8006,122,2.1659
8007,122,2.1659
8008,100,1.7753
8009,89,1.5800
8010,132,2.3434
8011,157,2.7873
8012,92,1.6333
8013,126,2.2369
8014,149,2.6452
8015,106,1.8818
8016,145,2.5742
8017,137,2.4322
8018,64,1.1362
8019,44,0.7811
8020,110,1.9529
8021,103,1.8286
8022,94,1.6688
8023,111,1.9706
8024,146,2.5920
8025,126,2.2369
8026,84,1.4913
8027,122,2.1659
8028,131,2.3257
8029,179,3.1778
8030,127,2.2547
8031,116,2.0594
8032,111,1.9706
8033,62,1.1007
8034,97,1.7221
8035,114,2.0239
8036,115,2.0416
8037,129,2.2902
8038,142,2.5210
8039,151,2.6807
8040,114,2.0239
8041,114,2.0239
8042,126,2.2369
8043,104,1.8463
8044,129,2.2902
8045,145,2.5742
8046,115,2.0416
8047,131,2.3257
8048,139,2.4677
8049,118,2.0949
8050,103,1.8286
8051,94,1.6688
8052,117,2.0771
8053,111,1.9706
8054,126,2.2369
8055,105,1.8641
8056,109,1.9351
8057,124,2.2014
8058,91,1.6155
8059,130,2.3079
8060,117,2.0771
8061,141,2.5032
8062,138,2.4500
8063,122,2.1659
8064,133,2.3612
8065,124,2.2014
8066,108,1.9174
8067,157,2.7873
8068,129,2.2902
8069,104,1.8463
8070,111,1.9706
8071,136,2.4144
8072,132,2.3434
8073,94,1.6688
8074,99,1.7576
8075,118,2.0949
8076,137,2.4322
8077,125,2.2192
8078,96,1.7043
8079,95,1.6866
8080,112,1.9884
8081,101,1.7931
8082,46,0.8167
8083,106,1.8818
8084,70,1.2427
8085,101,1.7931
8086,146,2.5920
8087,127,2.2547
8088,98,1.7398
8089,100,1.7753
8090,111,1.9706
8091,134,2.3789
8092,127,2.2547
8093,110,1.9529
8094,135,2.3967
8095,100,1.7753
8096,97,1.7221
8097,110,1.9529
8098,124,2.2014
8099,108,1.9174
8100,134,2.3789
8101,131,2.3257
8102,113,2.0061
8103,121,2.1481
8104,127,2.2547
8105,123,2.1837
8106,115,2.0416
8107,99,1.7576
8108,170,3.0181
8109,121,2.1481
8110,155,2.7518
8111,96,1.7043
8112,99,1.7576
8113,98,1.7398
8114,101,1.7931
8115,131,2.3257
8116,79,1.4025
8117,80,1.4203
8118,76,1.3492
8119,128,2.2724
8120,73,1.2960
8121,109,1.9351
8122,105,1.8641
8123,114,2.0239
8124,152,2.6985
8125,118,2.0949
8126,100,1.7753
8127,140,2.4855
8128,111,1.9706
8129,127,2.2547
8130,115,2.0416
8131,101,1.7931
8132,113,2.0061
8133,120,2.1304
8134,96,1.7043
8135,107,1.8996
8136,84,1.4913
8137,84,1.4913
8138,114,2.0239
8139,169,3.0003
8140,96,1.7043
8141,112,1.9884
8142,154,2.7340
8143,124,2.2014
8144,169,3.0003
8145,128,2.2724
8146,130,2.3079
8147,59,1.0474
8148,106,1.8818
8149,129,2.2902
8150,118,2.0949
8151,130,2.3079
8152,136,2.4144
8153,137,2.4322
8154,162,2.8760
8155,125,2.2192
8156,121,2.1481
8157,93,1.6511
8158,139,2.4677
8159,144,2.5565
8160,138,2.4500
8161,124,2.2014
8162,126,2.2369
8163,144,2.5565
8164,118,2.0949
8165,151,2.6807
8166,119,2.1126
8167,117,2.0771
8168,102,1.8108
8169,113,2.0061
8170,100,1.7753
8171,143,2.5387
8172,116,2.0594
8173,67,1.1895
8174,125,2.2192
8175,124,2.2014
8176,122,2.1659
8177,119,2.1126
8178,131,2.3257
8179,99,1.7576
8180,122,2.1659
8181,72,1.2782
8182,53,0.9409
8183,101,1.7931
8184,94,1.6688
8185,103,1.8286
8186,87,1.5445
8187,98,1.7398
8188,116,2.0594
8189,87,1.5445
8190,104,1.8463
8191,101,1.7931
8192,147,2.6097
8193,131,2.3257
8194,94,1.6688
8195,107,1.8996
8196,120,2.1304
8197,87,1.5445
8198,75,1.3315
8199,138,2.4500
8200,105,1.8641
8201,87,1.5445
8202,91,1.6155
8203,137,2.4322
8204,126,2.2369
8205,132,2.3434
8206,123,2.1837
8207,112,1.9884
8208,107,1.8996
8209,110,1.9529
8210,106,1.8818
8211,81,1.4380
8212,107,1.8996
8213,138,2.4500
8214,95,1.6866
8215,114,2.0239
8216,120,2.1304
8217,107,1.8996
8218,108,1.9174
8219,137,2.4322
8220,77,1.3670
8221,131,2.3257
8222,96,1.7043
8223,112,1.9884
8224,92,1.6333
8225,103,1.8286
8226,82,1.4558
8227,54,0.9587
8228,47,0.8344
8229,93,1.6511
8230,67,1.1895
8231,69,1.2250
8232,63,1.1185
8233,77,1.3670
8234,111,1.9706
8235,71,1.2605
8236,92,1.6333
8237,81,1.4380
8238,74,1.3137
8239,81,1.4380
8240,124,2.2014
8241,87,1.5445
8242,101,1.7931
8243,85,1.5090
8244,111,1.9706
8245,92,1.6333
8246,68,1.2072
8247,79,1.4025
8248,99,1.7576
8249,75,1.3315
8250,89,1.5800
8251,104,1.8463
8252,117,2.0771
8253,103,1.8286
8254,108,1.9174
8255,102,1.8108
8256,77,1.3670
8257,104,1.8463
8258,102,1.8108
8259,88,1.5623
8260,84,1.4913
8261,75,1.3315
8262,62,1.1007
8263,80,1.4203
8264,65,1.1540
8265,62,1.1007
8266,101,1.7931
8267,83,1.4735
8268,132,2.3434
8269,120,2.1304
8270,106,1.8818
8271,96,1.7043
8272,125,2.2192
8273,110,1.9529
8274,98,1.7398
8275,97,1.7221
8276,95,1.6866
8277,92,1.6333
8278,114,2.0239
8279,94,1.6688
8280,108,1.9174
8281,125,2.2192
8282,83,1.4735
8283,87,1.5445
8284,88,1.5623
8285,73,1.2960
8286,85,1.5090
8287,74,1.3137
8288,76,1.3492
8289,58,1.0297
8290,67,1.1895
8291,80,1.4203
8292,80,1.4203
8293,72,1.2782
8294,79,1.4025
8295,84,1.4913
8296,88,1.5623
8297,81,1.4380
8298,97,1.7221
8299,90,1.5978
8300,84,1.4913
8301,48,0.8522
8302,83,1.4735
8303,76,1.3492
8304,91,1.6155
8305,57,1.0119
8306,69,1.2250
8307,79,1.4025
8308,91,1.6155
8309,62,1.1007
8310,56,0.9942
8311,58,1.0297
8312,76,1.3492
8313,61,1.0829
8314,84,1.4913
8315,87,1.5445
8316,47,0.8344
8317,46,0.8167
8318,68,1.2072
8319,90,1.5978
8320,101,1.7931
8321,57,1.0119
8322,71,1.2605
8323,50,0.8877
8324,92,1.6333
8325,74,1.3137
8326,77,1.3670
8327,82,1.4558
8328,98,1.7398
8329,90,1.5978
8330,126,2.2369
8331,84,1.4913
8332,87,1.5445
8333,118,2.0949
8334,64,1.1362
8335,97,1.7221
8336,78,1.3848
8337,64,1.1362
8338,80,1.4203
8339,109,1.9351
8340,65,1.1540
8341,64,1.1362
8342,76,1.3492
8343,71,1.2605
8344,62,1.1007
8345,82,1.4558
8346,56,0.9942
8347,73,1.2960
8348,76,1.3492
8349,147,2.6097
8350,54,0.9587
8351,61,1.0829
8352,61,1.0829
8353,67,1.1895
8354,71,1.2605
8355,47,0.8344
8356,38,0.6746
8357,56,0.9942
8358,67,1.1895
8359,59,1.0474
8360,86,1.5268
8361,84,1.4913
8362,65,1.1540
8363,66,1.1717
8364,75,1.3315
8365,67,1.1895
8366,68,1.2072
8367,53,0.9409
8368,62,1.1007
8369,107,1.8996
8370,89,1.5800
8371,52,0.9232
8372,63,1.1185
8373,50,0.8877
8374,44,0.7811
8375,71,1.2605
8376,83,1.4735
8377,68,1.2072
8378,100,1.7753
8379,61,1.0829
8380,52,0.9232
8381,77,1.3670
8382,83,1.4735
8383,66,1.1717
8384,77,1.3670
8385,74,1.3137
8386,42,0.7456
8387,69,1.2250
8388,71,1.2605
8389,97,1.7221
8390,80,1.4203
8391,112,1.9884
8392,87,1.5445
8393,91,1.6155
8394,60,1.0652
8395,64,1.1362
8396,80,1.4203
8397,55,0.9764
8398,54,0.9587
8399,69,1.2250
8400,85,1.5090
8401,67,1.1895
8402,68,1.2072
8403,73,1.2960
8404,41,0.7279
8405,90,1.5978
8406,83,1.4735
8407,89,1.5800
8408,67,1.1895
8409,72,1.2782
8410,100,1.7753
8411,94,1.6688
8412,72,1.2782
8413,85,1.5090
8414,66,1.1717
8415,79,1.4025
8416,55,0.9764
8417,75,1.3315
8418,75,1.3315
8419,82,1.4558
8420,70,1.2427
8421,102,1.8108
8422,83,1.4735
8423,57,1.0119
8424,63,1.1185
8425,42,0.7456
8426,49,0.8699
8427,47,0.8344
8428,66,1.1717
8429,45,0.7989
8430,46,0.8167
8431,73,1.2960
8432,72,1.2782
8433,71,1.2605
8434,92,1.6333
8435,107,1.8996
8436,68,1.2072
8437,65,1.1540
8438,79,1.4025
8439,69,1.2250
8440,78,1.3848
8441,80,1.4203
8442,75,1.3315
8443,68,1.2072
8444,59,1.0474
8445,112,1.9884
8446,88,1.5623
8447,83,1.4735
8448,54,0.9587
8449,70,1.2427
8450,47,0.8344
8451,32,0.5681
8452,53,0.9409
8453,41,0.7279
8454,25,0.4438
8455,17,0.3018
8456,21,0.3728
8457,47,0.8344
8458,72,1.2782
8459,54,0.9587
8460,57,1.0119
8461,59,1.0474
8462,58,1.0297
8463,74,1.3137
8464,73,1.2960
8465,62,1.1007
8466,67,1.1895
8467,75,1.3315
8468,93,1.6511
8469,75,1.3315
8470,75,1.3315
8471,72,1.2782
8472,55,0.9764
8473,35,0.6214
8474,66,1.1717
8475,68,1.2072
8476,76,1.3492
8477,71,1.2605
8478,53,0.9409
8479,57,1.0119
8480,56,0.9942
8481,65,1.1540
8482,21,0.3728
8483,5,0.0888
8484,23,0.4083
8485,57,1.0119
8486,39,0.6924
8487,23,0.4083
8488,37,0.6569
8489,3,0.0533
8490,0,0.0000
8491,2,0.0355
8492,36,0.6391
8493,42,0.7456
8494,36,0.6391
8495,67,1.1895
8496,33,0.5859
8497,31,0.5504
8498,46,0.8167
8499,67,1.1895
8500,42,0.7456
8501,55,0.9764
8502,74,1.3137
8503,57,1.0119
8504,56,0.9942
8505,76,1.3492
8506,66,1.1717
8507,45,0.7989
8508,64,1.1362
8509,54,0.9587
8510,74,1.3137
8511,95,1.6866
8512,72,1.2782
8513,96,1.7043
8514,118,2.0949
8515,109,1.9351
8516,72,1.2782
8517,73,1.2960
8518,84,1.4913
8519,88,1.5623
8520,65,1.1540
8521,83,1.4735
8522,55,0.9764
8523,73,1.2960
8524,64,1.1362
8525,57,1.0119
8526,68,1.2072
8527,59,1.0474
8528,70,1.2427
8529,84,1.4913
8530,79,1.4025
8531,68,1.2072
8532,65,1.1540
8533,66,1.1717
8534,65,1.1540
8535,68,1.2072
8536,56,0.9942
8537,84,1.4913
8538,52,0.9232
8539,80,1.4203
8540,91,1.6155
8541,67,1.1895
8542,58,1.0297
8543,77,1.3670
8544,59,1.0474
8545,54,0.9587
8546,66,1.1717
8547,71,1.2605
8548,71,1.2605
8549,79,1.4025
8550,66,1.1717
8551,83,1.4735
8552,65,1.1540
8553,47,0.8344
8554,25,0.4438
8555,43,0.7634
8556,58,1.0297
8557,38,0.6746
8558,41,0.7279
8559,52,0.9232
8560,89,1.5800
8561,64,1.1362
8562,71,1.2605
8563,98,1.7398
8564,56,0.9942
8565,46,0.8167
8566,75,1.3315
8567,97,1.7221
8568,71,1.2605
8569,47,0.8344
8570,44,0.7811
8571,57,1.0119
8572,60,1.0652
8573,90,1.5978
8574,70,1.2427
8575,70,1.2427
8576,54,0.9587
8577,52,0.9232
8578,90,1.5978
8579,88,1.5623
8580,69,1.2250
8581,59,1.0474
8582,61,1.0829
8583,72,1.2782
8584,57,1.0119
8585,52,0.9232
8586,74,1.3137
8587,65,1.1540
8588,80,1.4203
8589,44,0.7811
8590,57,1.0119
8591,45,0.7989
8592,31,0.5504
8593,55,0.9764
8594,39,0.6924
8595,57,1.0119
8596,41,0.7279
8597,49,0.8699
8598,35,0.6214
8599,43,0.7634
8600,63,1.1185
8601,88,1.5623
8602,90,1.5978
8603,61,1.0829
8604,53,0.9409
8605,79,1.4025
8606,78,1.3848
8607,89,1.5800
8608,70,1.2427
8609,67,1.1895
8610,55,0.9764
8611,73,1.2960
8612,106,1.8818
8613,96,1.7043
8614,80,1.4203
8615,78,1.3848
8616,99,1.7576
8617,117,2.0771
8618,88,1.5623
8619,74,1.3137
8620,77,1.3670
8621,70,1.2427
8622,46,0.8167
8623,58,1.0297
8624,74,1.3137
8625,93,1.6511
8626,79,1.4025
8627,71,1.2605
8628,53,0.9409
8629,57,1.0119
8630,62,1.1007
8631,46,0.8167
8632,72,1.2782
8633,62,1.1007
8634,48,0.8522
8635,39,0.6924
8636,67,1.1895
8637,56,0.9942
8638,50,0.8877
8639,39,0.6924
8640,42,0.7456
8641,55,0.9764
8642,53,0.9409
8643,52,0.9232
8644,62,1.1007
8645,71,1.2605
8646,68,1.2072
8647,38,0.6746
8648,44,0.7811
8649,52,0.9232
8650,46,0.8167
8651,44,0.7811
8652,49,0.8699
8653,36,0.6391
8654,34,0.6036
8655,33,0.5859
8656,40,0.7101
8657,47,0.8344
8658,62,1.1007
8659,46,0.8167
8660,19,0.3373
8661,56,0.9942
8662,52,0.9232
8663,43,0.7634
8664,65,1.1540
8665,60,1.0652
8666,45,0.7989
8667,63,1.1185
8668,46,0.8167
8669,73,1.2960
8670,42,0.7456
8671,39,0.6924
8672,37,0.6569
8673,21,0.3728
8674,32,0.5681
8675,40,0.7101
8676,59,1.0474
8677,44,0.7811
8678,25,0.4438
8679,41,0.7279
8680,71,1.2605
8681,52,0.9232
8682,49,0.8699
8683,43,0.7634
8684,43,0.7634
8685,40,0.7101
8686,35,0.6214
8687,55,0.9764
8688,44,0.7811
8689,50,0.8877
8690,45,0.7989
8691,35,0.6214
8692,25,0.4438
8693,32,0.5681
8694,39,0.6924
8695,32,0.5681
8696,43,0.7634
8697,31,0.5504
8698,26,0.4616
8699,25,0.4438
8700,37,0.6569
8701,38,0.6746
8702,27,0.4793
8703,40,0.7101
8704,38,0.6746
8705,29,0.5148
8706,30,0.5326
8707,30,0.5326
8708,30,0.5326
8709,36,0.6391
8710,24,0.4261
8711,30,0.5326
8712,31,0.5504
8713,33,0.5859
8714,40,0.7101
8715,57,1.0119
8716,56,0.9942
8717,42,0.7456
8718,36,0.6391
8719,37,0.6569
8720,36,0.6391
8721,36,0.6391
8722,36,0.6391
8723,45,0.7989
8724,39,0.6924
8725,33,0.5859
8726,55,0.9764
8727,56,0.9942
8728,56,0.9942
8729,76,1.3492
8730,69,1.2250
8731,45,0.7989
8732,41,0.7279
8733,74,1.3137
8734,58,1.0297
8735,54,0.9587
8736,56,0.9942
8737,60,1.0652
8738,41,0.7279
8739,58,1.0297
8740,71,1.2605
8741,58,1.0297
8742,72,1.2782
8743,49,0.8699
8744,32,0.5681
8745,54,0.9587
8746,47,0.8344
8747,43,0.7634
8748,34,0.6036
8749,37,0.6569
8750,39,0.6924
8751,42,0.7456
8752,42,0.7456
8753,48,0.8522
8754,60,1.0652
8755,36,0.6391
8756,23,0.4083
8757,12,0.2130
8758,52,0.9232
8759,43,0.7634
8760,35,0.6214
8761,26,0.4616
8762,37,0.6569
8763,25,0.4438
8764,46,0.8167
8765,28,0.4971
8766,35,0.6214
8767,38,0.6746
8768,15,0.2663
8769,43,0.7634
8770,31,0.5504
8771,29,0.5148
8772,46,0.8167
8773,56,0.9942
8774,41,0.7279
8775,22,0.3906
8776,30,0.5326
8777,25,0.4438
8778,28,0.4971
8779,30,0.5326
8780,44,0.7811
8781,39,0.6924
8782,52,0.9232
8783,44,0.7811
8784,41,0.7279
8785,36,0.6391
8786,44,0.7811
8787,29,0.5148
8788,20,0.3551
8789,26,0.4616
8790,37,0.6569
8791,42,0.7456
8792,22,0.3906
8793,44,0.7811
8794,39,0.6924
8795,37,0.6569
8796,61,1.0829
8797,62,1.1007
8798,54,0.9587
8799,37,0.6569
8800,22,0.3906
8801,40,0.7101
8802,17,0.3018
8803,21,0.3728
8804,32,0.5681
8805,39,0.6924
8806,48,0.8522
8807,24,0.4261
8808,33,0.5859
8809,39,0.6924
8810,50,0.8877
8811,42,0.7456
8812,42,0.7456
8813,28,0.4971
8814,48,0.8522
8815,37,0.6569
8816,35,0.6214
8817,42,0.7456
8818,40,0.7101
8819,34,0.6036
8820,21,0.3728
8821,23,0.4083
8822,35,0.6214
8823,18,0.3196
8824,28,0.4971
8825,23,0.4083
8826,36,0.6391
8827,30,0.5326
8828,40,0.7101
8829,38,0.6746
8830,37,0.6569
8831,26,0.4616
8832,42,0.7456
8833,31,0.5504
8834,19,0.3373
8835,27,0.4793
8836,18,0.3196
8837,14,0.2485
8838,28,0.4971
8839,43,0.7634
8840,44,0.7811
8841,33,0.5859
8842,17,0.3018
8843,22,0.3906
8844,20,0.3551
8845,10,0.1775
8846,37,0.6569
8847,43,0.7634
8848,24,0.4261
8849,20,0.3551
8850,16,0.2841
8851,15,0.2663
8852,24,0.4261
8853,12,0.2130
8854,13,0.2308
8855,16,0.2841
8856,50,0.8877
8857,44,0.7811
8858,41,0.7279
8859,31,0.5504
8860,36,0.6391
8861,25,0.4438
8862,37,0.6569
8863,33,0.5859
8864,48,0.8522
8865,22,0.3906
8866,33,0.5859
8867,13,0.2308
8868,11,0.1953
8869,33,0.5859
8870,29,0.5148
8871,16,0.2841
8872,22,0.3906
8873,20,0.3551
8874,26,0.4616
8875,15,0.2663
8876,9,0.1598
8877,17,0.3018
8878,15,0.2663
8879,21,0.3728
8880,12,0.2130
8881,14,0.2485
8882,14,0.2485
8883,23,0.4083
8884,30,0.5326
8885,30,0.5326
8886,19,0.3373
8887,30,0.5326
8888,35,0.6214
8889,22,0.3906
8890,25,0.4438
8891,27,0.4793
8892,16,0.2841
8893,30,0.5326
8894,30,0.5326
8895,25,0.4438
8896,23,0.4083
8897,39,0.6924
8898,20,0.3551
8899,34,0.6036
8900,29,0.5148
8901,22,0.3906
8902,30,0.5326
8903,21,0.3728
8904,15,0.2663
8905,18,0.3196
8906,20,0.3551
8907,20,0.3551
8908,26,0.4616
8909,37,0.6569
8910,26,0.4616
8911,40,0.7101
8912,18,0.3196
8913,16,0.2841
8914,14,0.2485
8915,18,0.3196
8916,20,0.3551
8917,22,0.3906
8918,29,0.5148
8919,48,0.8522
8920,37,0.6569
8921,43,0.7634
8922,23,0.4083
8923,13,0.2308
8924,31,0.5504
8925,16,0.2841
8926,18,0.3196
8927,6,0.1065
8928,9,0.1598
8929,21,0.3728
8930,6,0.1065
8931,17,0.3018
8932,12,0.2130
8933,21,0.3728
8934,9,0.1598
8935,18,0.3196
8936,12,0.2130
8937,37,0.6569
8938,11,0.1953
8939,14,0.2485
8940,14,0.2485
8941,10,0.1775
8942,17,0.3018
8943,13,0.2308
8944,6,0.1065
8945,4,0.0710
8946,23,0.4083
8947,38,0.6746
8948,7,0.1243
8949,9,0.1598
8950,13,0.2308
8951,15,0.2663
8952,11,0.1953
8953,8,0.1420
8954,29,0.5148
8955,29,0.5148
8956,15,0.2663
8957,16,0.2841
8958,15,0.2663
8959,19,0.3373
8960,7,0.1243
8961,15,0.2663
8962,24,0.4261
8963,9,0.1598
8964,29,0.5148
8965,18,0.3196
8966,34,0.6036
8967,27,0.4793
8968,17,0.3018
8969,40,0.7101
8970,27,0.4793
8971,11,0.1953
8972,16,0.2841
8973,19,0.3373
8974,23,0.4083
8975,31,0.5504
8976,16,0.2841
8977,10,0.1775
8978,18,0.3196
8979,26,0.4616
8980,8,0.1420
8981,16,0.2841
8982,12,0.2130
8983,9,0.1598
8984,18,0.3196
8985,13,0.2308
8986,19,0.3373
8987,18,0.3196
8988,3,0.0533
8989,26,0.4616
8990,8,0.1420
8991,18,0.3196
8992,3,0.0533
8993,8,0.1420
8994,1,0.0178
8995,5,0.0888
8996,4,0.0710
8997,14,0.2485
8998,18,0.3196
8999,10,0.1775
9000,16,0.2841
9001,12,0.2130
9002,13,0.2308
9003,24,0.4261
9004,29,0.5148
9005,4,0.0710
9006,10,0.1775
9007,23,0.4083
9008,12,0.2130
9009,11,0.1953
9010,40,0.7101
9011,39,0.6924
9012,16,0.2841
9013,11,0.1953
9014,25,0.4438
9015,21,0.3728
9016,27,0.4793
9017,12,0.2130
9018,35,0.6214
9019,21,0.3728
9020,11,0.1953
9021,19,0.3373
9022,13,0.2308
9023,22,0.3906
9024,21,0.3728
9025,29,0.5148
9026,29,0.5148
9027,21,0.3728
9028,11,0.1953
9029,14,0.2485
9030,36,0.6391
9031,20,0.3551
9032,21,0.3728
9033,23,0.4083
9034,15,0.2663
9035,11,0.1953
9036,27,0.4793
9037,19,0.3373
9038,20,0.3551
9039,25,0.4438
9040,12,0.2130
9041,21,0.3728
9042,22,0.3906
9043,22,0.3906
9044,19,0.3373
9045,28,0.4971
9046,18,0.3196
9047,24,0.4261
9048,14,0.2485
9049,22,0.3906
9050,24,0.4261
9051,10,0.1775
9052,25,0.4438
9053,15,0.2663
9054,21,0.3728
9055,14,0.2485
9056,18,0.3196
9057,12,0.2130
9058,6,0.1065
9059,13,0.2308
9060,19,0.3373
9061,24,0.4261
9062,18,0.3196
9063,3,0.0533
9064,14,0.2485
9065,21,0.3728
9066,25,0.4438
9067,29,0.5148
9068,9,0.1598
9069,30,0.5326
9070,22,0.3906
9071,17,0.3018
9072,26,0.4616
9073,26,0.4616
9074,15,0.2663
9075,10,0.1775
9076,20,0.3551
9077,44,0.7811
9078,15,0.2663
9079,19,0.3373
9080,20,0.3551
9081,44,0.7811
9082,46,0.8167
9083,28,0.4971
9084,30,0.5326
9085,30,0.5326
9086,7,0.1243
9087,17,0.3018
9088,13,0.2308
9089,35,0.6214
9090,50,0.8877
9091,40,0.7101
9092,42,0.7456
9093,44,0.7811
9094,62,1.1007
9095,52,0.9232
9096,41,0.7279
9097,34,0.6036
9098,36,0.6391
9099,41,0.7279
9100,32,0.5681
9101,41,0.7279
9102,82,1.4558
9103,49,0.8699
9104,33,0.5859
9105,38,0.6746
9106,39,0.6924
9107,34,0.6036
9108,53,0.9409
9109,49,0.8699
9110,95,1.6866
9111,50,0.8877
9112,36,0.6391
9113,70,1.2427
9114,51,0.9054
9115,95,1.6866
9116,111,1.9706
9117,72,1.2782
9118,92,1.6333
9119,80,1.4203
9120,56,0.9942
9121,72,1.2782
9122,65,1.1540
9123,62,1.1007
9124,90,1.5978
9125,81,1.4380
9126,57,1.0119
9127,67,1.1895
9128,92,1.6333
9129,79,1.4025
9130,75,1.3315
9131,43,0.7634
9132,50,0.8877
9133,53,0.9409
9134,76,1.3492
9135,92,1.6333
9136,48,0.8522
9137,100,1.7753
9138,80,1.4203
9139,87,1.5445
9140,85,1.5090
9141,68,1.2072
9142,57,1.0119
9143,42,0.7456
9144,97,1.7221
9145,65,1.1540
9146,98,1.7398
9147,71,1.2605
9148,47,0.8344
9149,76,1.3492
9150,50,0.8877
9151,43,0.7634
9152,88,1.5623
9153,121,2.1481
9154,66,1.1717
9155,63,1.1185
9156,97,1.7221
9157,132,2.3434
9158,78,1.3848
9159,78,1.3848
9160,110,1.9529
9161,133,2.3612
9162,106,1.8818
9163,105,1.8641
9164,86,1.5268
9165,90,1.5978
9166,102,1.8108
9167,94,1.6688
9168,51,0.9054
9169,112,1.9884
9170,94,1.6688
9171,114,2.0239
9172,82,1.4558
9173,126,2.2369
9174,99,1.7576
9175,99,1.7576
9176,67,1.1895
9177,99,1.7576
9178,59,1.0474
9179,68,1.2072
9180,78,1.3848
9181,102,1.8108
9182,103,1.8286
9183,85,1.5090
9184,89,1.5800
9185,52,0.9232
9186,91,1.6155
9187,82,1.4558
9188,98,1.7398
9189,79,1.4025
9190,101,1.7931
9191,106,1.8818
9192,94,1.6688
9193,82,1.4558
9194,86,1.5268
9195,137,2.4322
9196,123,2.1837
9197,117,2.0771
9198,112,1.9884
9199,98,1.7398
9200,72,1.2782
9201,124,2.2014
9202,76,1.3492
9203,63,1.1185
9204,89,1.5800
9205,60,1.0652
9206,132,2.3434
9207,89,1.5800
9208,114,2.0239
9209,83,1.4735
9210,58,1.0297
9211,47,0.8344
9212,72,1.2782
9213,72,1.2782
9214,95,1.6866
9215,92,1.6333
9216,120,2.1304
9217,90,1.5978
9218,115,2.0416
9219,76,1.3492
9220,84,1.4913
9221,102,1.8108
9222,105,1.8641
9223,90,1.5978
9224,66,1.1717
9225,87,1.5445
9226,107,1.8996
9227,113,2.0061
9228,75,1.3315
9229,105,1.8641
9230,58,1.0297
9231,112,1.9884
9232,70,1.2427
9233,75,1.3315
9234,39,0.6924
9235,110,1.9529
9236,122,2.1659
9237,72,1.2782
9238,72,1.2782
9239,88,1.5623
9240,112,1.9884
9241,94,1.6688
9242,109,1.9351
9243,116,2.0594
9244,108,1.9174
9245,97,1.7221
9246,97,1.7221
9247,111,1.9706
9248,129,2.2902
9249,107,1.8996
9250,121,2.1481
9251,129,2.2902
9252,88,1.5623
9253,72,1.2782
9254,91,1.6155
9255,84,1.4913
9256,107,1.8996
9257,127,2.2547
9258,93,1.6511
9259,120,2.1304
9260,108,1.9174
9261,116,2.0594
9262,120,2.1304
9263,110,1.9529
9264,123,2.1837
9265,133,2.3612
9266,71,1.2605
9267,124,2.2014
9268,108,1.9174
9269,128,2.2724
9270,100,1.7753
9271,95,1.6866
9272,138,2.4500
9273,137,2.4322
9274,148,2.6275
9275,117,2.0771
9276,112,1.9884
9277,117,2.0771
9278,118,2.0949
9279,61,1.0829
9280,30,0.5326
9281,1,0.0178
9282,6,0.1065
9283,0,0.0000
9284,47,0.8344
9285,142,2.5210
9286,102,1.8108
9287,97,1.7221
9288,96,1.7043
9289,109,1.9351
9290,136,2.4144
9291,88,1.5623
9292,99,1.7576
9293,71,1.2605
9294,86,1.5268
9295,21,0.3728
9296,106,1.8818
9297,128,2.2724
9298,130,2.3079
9299,53,0.9409
9300,28,0.4971
9301,59,1.0474
9302,143,2.5387
9303,140,2.4855
9304,115,2.0416
9305,116,2.0594
9306,112,1.9884
9307,105,1.8641
9308,97,1.7221
9309,79,1.4025
9310,143,2.5387
9311,107,1.8996
9312,101,1.7931
9313,89,1.5800
9314,113,2.0061
9315,101,1.7931
9316,98,1.7398
9317,61,1.0829
9318,139,2.4677
9319,138,2.4500
9320,123,2.1837
9321,107,1.8996
9322,92,1.6333
9323,113,2.0061
9324,89,1.5800
9325,103,1.8286
9326,115,2.0416
9327,90,1.5978
9328,102,1.8108
9329,81,1.4380
9330,125,2.2192
9331,114,2.0239
9332,80,1.4203
9333,104,1.8463
9334,139,2.4677
9335,120,2.1304
9336,107,1.8996
9337,92,1.6333
9338,88,1.5623
9339,116,2.0594
9340,117,2.0771
9341,145,2.5742
9342,120,2.1304
9343,132,2.3434
9344,95,1.6866
9345,106,1.8818
9346,121,2.1481
9347,123,2.1837
9348,131,2.3257
9349,142,2.5210
9350,139,2.4677
9351,154,2.7340
9352,94,1.6688
9353,86,1.5268
9354,91,1.6155
9355,99,1.7576
9356,99,1.7576
9357,97,1.7221
9358,147,2.6097
9359,114,2.0239
9360,107,1.8996
9361,151,2.6807
9362,102,1.8108
9363,97,1.7221
9364,77,1.3670
9365,27,0.4793
9366,137,2.4322
9367,98,1.7398
9368,137,2.4322
9369,93,1.6511
9370,92,1.6333
9371,77,1.3670
9372,89,1.5800
9373,69,1.2250
9374,135,2.3967
9375,156,2.7695
9376,106,1.8818
9377,97,1.7221
9378,134,2.3789
9379,175,3.1068
9380,156,2.7695
9381,106,1.8818
9382,13,0.2308
9383,53,0.9409
9384,189,3.3554
9385,111,1.9706
9386,111,1.9706
9387,104,1.8463
9388,143,2.5387
9389,133,2.3612
9390,117,2.0771
9391,115,2.0416
9392,114,2.0239
9393,108,1.9174
9394,116,2.0594
9395,120,2.1304
9396,117,2.0771
9397,89,1.5800
9398,96,1.7043
9399,132,2.3434
9400,108,1.9174
9401,117,2.0771
9402,118,2.0949
9403,120,2.1304
9404,93,1.6511
9405,100,1.7753
9406,145,2.5742
9407,133,2.3612
9408,121,2.1481
9409,136,2.4144
9410,126,2.2369
9411,137,2.4322
9412,122,2.1659
9413,105,1.8641
9414,100,1.7753
9415,123,2.1837
9416,117,2.0771
9417,129,2.2902
9418,102,1.8108
9419,133,2.3612
9420,123,2.1837
9421,99,1.7576
9422,8,0.1420
9423,13,0.2308
9424,41,0.7279
9425,33,0.5859
9426,171,3.0358
9427,145,2.5742
9428,138,2.4500
9429,163,2.8938
9430,108,1.9174
9431,101,1.7931
9432,104,1.8463
9433,141,2.5032
9434,105,1.8641
9435,109,1.9351
9436,99,1.7576
9437,107,1.8996
9438,132,2.3434
9439,131,2.3257
9440,110,1.9529
9441,109,1.9351
9442,74,1.3137
9443,115,2.0416
9444,54,0.9587
9445,138,2.4500
9446,72,1.2782
9447,122,2.1659
9448,117,2.0771
9449,88,1.5623
9450,114,2.0239
9451,83,1.4735
9452,111,1.9706
9453,77,1.3670
9454,65,1.1540
9455,98,1.7398
9456,94,1.6688
9457,93,1.6511
9458,98,1.7398
9459,110,1.9529
9460,107,1.8996
9461,101,1.7931
9462,88,1.5623
9463,77,1.3670
9464,78,1.3848
9465,84,1.4913
9466,102,1.8108
9467,102,1.8108
9468,88,1.5623
9469,99,1.7576
9470,72,1.2782
9471,109,1.9351
9472,75,1.3315
9473,91,1.6155
9474,90,1.5978
9475,114,2.0239
9476,124,2.2014
9477,100,1.7753
9478,114,2.0239
9479,134,2.3789
9480,90,1.5978
9481,109,1.9351
9482,111,1.9706
9483,112,1.9884
9484,70,1.2427
9485,103,1.8286
9486,88,1.5623
9487,52,0.9232
9488,8,0.1420
9489,2,0.0355
9490,0,0.0000
9491,8,0.1420
9492,86,1.5268
9493,78,1.3848
9494,67,1.1895
9495,83,1.4735
9496,45,0.7989
9497,80,1.4203
9498,137,2.4322
9499,98,1.7398
9500,142,2.5210
9501,160,2.8405
9502,119,2.1126
9503,82,1.4558
9504,89,1.5800
9505,90,1.5978
9506,70,1.2427
9507,72,1.2782
9508,61,1.0829
9509,103,1.8286
9510,86,1.5268
9511,104,1.8463
9512,96,1.7043
9513,46,0.8167
9514,60,1.0652
9515,49,0.8699
9516,51,0.9054
9517,16,0.2841
9518,66,1.1717
9519,115,2.0416
9520,108,1.9174
9521,77,1.3670
9522,90,1.5978
9523,84,1.4913
9524,108,1.9174
9525,123,2.1837
9526,99,1.7576
9527,61,1.0829
9528,74,1.3137
9529,56,0.9942
9530,59,1.0474
9531,105,1.8641
9532,60,1.0652
9533,65,1.1540
9534,64,1.1362
9535,87,1.5445
9536,83,1.4735
9537,56,0.9942
9538,68,1.2072
9539,83,1.4735
9540,99,1.7576
9541,119,2.1126
9542,86,1.5268
9543,106,1.8818
9544,69,1.2250
9545,128,2.2724
9546,67,1.1895
9547,79,1.4025
9548,86,1.5268
9549,57,1.0119
9550,92,1.6333
9551,103,1.8286
9552,91,1.6155
9553,105,1.8641
9554,135,2.3967
9555,84,1.4913
9556,83,1.4735
9557,101,1.7931
9558,96,1.7043
9559,107,1.8996
9560,97,1.7221
9561,92,1.6333
9562,76,1.3492
9563,100,1.7753
9564,95,1.6866
9565,99,1.7576
9566,99,1.7576
9567,99,1.7576
9568,88,1.5623
9569,103,1.8286
9570,96,1.7043
9571,100,1.7753
9572,101,1.7931
9573,116,2.0594
9574,93,1.6511
9575,102,1.8108
9576,97,1.7221
9577,102,1.8108
9578,82,1.4558
9579,95,1.6866
9580,76,1.3492
9581,103,1.8286
9582,79,1.4025
9583,97,1.7221
9584,81,1.4380
9585,103,1.8286
9586,104,1.8463
9587,98,1.7398
9588,107,1.8996
9589,93,1.6511
9590,113,2.0061
9591,110,1.9529
9592,94,1.6688
9593,99,1.7576
9594,98,1.7398
9595,111,1.9706
9596,82,1.4558
9597,82,1.4558
9598,88,1.5623
9599,109,1.9351
9600,116,2.0594
9601,91,1.6155
9602,111,1.9706
9603,87,1.5445
9604,118,2.0949
9605,125,2.2192
9606,87,1.5445
9607,117,2.0771
9608,113,2.0061
9609,96,1.7043
9610,120,2.1304
9611,136,2.4144
9612,100,1.7753
9613,96,1.7043
9614,97,1.7221
9615,89,1.5800
9616,103,1.8286
9617,101,1.7931
9618,104,1.8463
9619,61,1.0829
9620,75,1.3315
9621,81,1.4380
9622,101,1.7931
9623,83,1.4735
9624,86,1.5268
9625,77,1.3670
9626,89,1.5800
9627,117,2.0771
9628,103,1.8286
9629,76,1.3492
9630,62,1.1007
9631,109,1.9351
9632,73,1.2960
9633,74,1.3137
9634,85,1.5090
9635,58,1.0297
9636,80,1.4203
9637,69,1.2250
9638,78,1.3848
9639,84,1.4913
9640,91,1.6155
9641,74,1.3137
9642,74,1.3137
9643,116,2.0594
9644,108,1.9174
9645,106,1.8818
9646,80,1.4203
9647,81,1.4380
9648,67,1.1895
9649,86,1.5268
9650,74,1.3137
9651,103,1.8286
9652,71,1.2605
9653,66,1.1717
9654,80,1.4203
9655,57,1.0119
9656,96,1.7043
9657,72,1.2782
9658,98,1.7398
9659,121,2.1481
9660,100,1.7753
9661,95,1.6866
9662,69,1.2250
9663,64,1.1362
9664,83,1.4735
9665,81,1.4380
9666,86,1.5268
9667,106,1.8818
9668,118,2.0949
9669,94,1.6688
9670,68,1.2072
9671,78,1.3848
9672,104,1.8463
9673,62,1.1007
9674,59,1.0474
9675,79,1.4025
9676,101,1.7931
9677,99,1.7576
9678,89,1.5800
9679,75,1.3315
9680,49,0.8699
9681,41,0.7279
9682,60,1.0652
9683,55,0.9764
9684,98,1.7398
9685,85,1.5090
9686,75,1.3315
9687,63,1.1185
9688,85,1.5090
9689,109,1.9351
9690,80,1.4203
9691,78,1.3848
9692,75,1.3315
9693,140,2.4855
9694,122,2.1659
9695,100,1.7753
9696,79,1.4025
9697,61,1.0829
9698,95,1.6866
9699,100,1.7753
9700,91,1.6155
9701,109,1.9351
9702,89,1.5800
9703,59,1.0474
9704,55,0.9764
9705,96,1.7043
9706,88,1.5623
9707,80,1.4203
9708,122,2.1659
9709,126,2.2369
9710,81,1.4380
9711,74,1.3137
9712,61,1.0829
9713,105,1.8641
9714,83,1.4735
9715,87,1.5445
9716,53,0.9409
9717,86,1.5268
9718,56,0.9942
9719,38,0.6746
9720,19,0.3373
9721,31,0.5504
9722,63,1.1185
9723,76,1.3492
9724,92,1.6333
9725,63,1.1185
9726,41,0.7279
9727,61,1.0829
9728,48,0.8522
9729,67,1.1895
9730,86,1.5268
9731,59,1.0474
9732,95,1.6866
9733,66,1.1717
9734,64,1.1362
9735,79,1.4025
9736,80,1.4203
9737,55,0.9764
9738,64,1.1362
9739,63,1.1185
9740,76,1.3492
9741,53,0.9409
9742,65,1.1540
9743,72,1.2782
9744,63,1.1185
9745,94,1.6688
9746,73,1.2960
9747,89,1.5800
9748,57,1.0119
9749,41,0.7279
9750,45,0.7989
9751,71,1.2605
9752,63,1.1185
9753,64,1.1362
9754,46,0.8167
9755,52,0.9232
9756,49,0.8699
9757,59,1.0474
9758,60,1.0652
9759,32,0.5681
9760,36,0.6391
9761,27,0.4793
9762,42,0.7456
9763,59,1.0474
9764,51,0.9054
9765,57,1.0119
9766,40,0.7101
9767,27,0.4793
9768,28,0.4971
9769,64,1.1362
9770,52,0.9232
9771,47,0.8344
9772,39,0.6924
9773,50,0.8877
9774,64,1.1362
9775,34,0.6036
9776,19,0.3373
9777,29,0.5148
9778,31,0.5504
9779,41,0.7279
9780,41,0.7279
9781,41,0.7279
9782,33,0.5859
9783,47,0.8344
9784,31,0.5504
9785,41,0.7279
9786,44,0.7811
9787,68,1.2072
9788,43,0.7634
9789,36,0.6391
9790,38,0.6746
9791,57,1.0119
9792,33,0.5859
9793,34,0.6036
9794,63,1.1185
9795,56,0.9942
9796,44,0.7811
9797,30,0.5326
9798,47,0.8344
9799,56,0.9942
9800,49,0.8699
9801,55,0.9764
9802,48,0.8522
9803,52,0.9232
9804,11,0.1953
9805,32,0.5681
9806,50,0.8877
9807,31,0.5504
9808,37,0.6569
9809,37,0.6569
9810,32,0.5681
9811,75,1.3315
9812,22,0.3906
9813,22,0.3906
9814,34,0.6036
9815,32,0.5681
9816,21,0.3728
9817,28,0.4971
9818,23,0.4083
9819,35,0.6214
9820,58,1.0297
9821,23,0.4083
9822,20,0.3551
9823,41,0.7279
9824,44,0.7811
9825,55,0.9764
9826,30,0.5326
9827,40,0.7101
9828,49,0.8699
9829,52,0.9232
9830,60,1.0652
9831,43,0.7634
9832,35,0.6214
9833,44,0.7811
9834,48,0.8522
9835,64,1.1362
9836,46,0.8167
9837,45,0.7989
9838,57,1.0119
9839,91,1.6155
9840,70,1.2427
9841,48,0.8522
9842,58,1.0297
9843,57,1.0119
9844,40,0.7101
9845,42,0.7456
9846,46,0.8167
9847,34,0.6036
9848,35,0.6214
9849,48,0.8522
9850,38,0.6746
9851,42,0.7456
9852,41,0.7279
9853,37,0.6569
9854,43,0.7634
9855,27,0.4793
9856,46,0.8167
9857,45,0.7989
9858,56,0.9942
9859,39,0.6924
9860,32,0.5681
9861,25,0.4438
9862,27,0.4793
9863,36,0.6391
9864,50,0.8877
9865,43,0.7634
9866,36,0.6391
9867,50,0.8877
9868,56,0.9942
9869,37,0.6569
9870,38,0.6746
9871,45,0.7989
9872,56,0.9942
9873,65,1.1540
9874,55,0.9764
9875,57,1.0119
9876,54,0.9587
9877,46,0.8167
9878,42,0.7456
9879,37,0.6569
9880,55,0.9764
9881,41,0.7279
9882,37,0.6569
9883,38,0.6746
9884,34,0.6036
9885,41,0.7279
9886,44,0.7811
9887,48,0.8522
9888,47,0.8344
9889,58,1.0297
9890,51,0.9054
9891,72,1.2782
9892,39,0.6924
9893,38,0.6746
9894,55,0.9764
9895,42,0.7456
9896,29,0.5148
9897,32,0.5681
9898,45,0.7989
9899,55,0.9764
9900,52,0.9232
9901,17,0.3018
9902,4,0.0710
9903,6,0.1065
9904,29,0.5148
9905,22,0.3906
9906,33,0.5859
9907,39,0.6924
9908,34,0.6036
9909,40,0.7101
9910,54,0.9587
9911,54,0.9587
9912,51,0.9054
9913,37,0.6569
9914,53,0.9409
9915,36,0.6391
9916,31,0.5504
9917,20,0.3551
9918,58,1.0297
9919,24,0.4261
9920,31,0.5504
9921,41,0.7279
9922,39,0.6924
9923,30,0.5326
9924,35,0.6214
9925,34,0.6036
9926,22,0.3906
9927,35,0.6214
9928,54,0.9587
9929,64,1.1362
9930,52,0.9232
9931,37,0.6569
9932,30,0.5326
9933,49,0.8699
9934,40,0.7101
9935,45,0.7989
9936,75,1.3315
9937,66,1.1717
9938,56,0.9942
9939,44,0.7811
9940,40,0.7101
9941,36,0.6391
9942,25,0.4438
9943,26,0.4616
9944,27,0.4793
9945,44,0.7811
9946,58,1.0297
9947,56,0.9942
9948,57,1.0119
9949,47,0.8344
9950,56,0.9942
9951,36,0.6391
9952,38,0.6746
9953,41,0.7279
9954,55,0.9764
9955,46,0.8167
9956,38,0.6746
9957,63,1.1185
9958,46,0.8167
9959,42,0.7456
9960,23,0.4083
9961,39,0.6924
9962,32,0.5681
9963,44,0.7811
9964,59,1.0474
9965,46,0.8167
9966,39,0.6924
9967,39,0.6924
9968,74,1.3137
9969,29,0.5148
9970,30,0.5326
9971,32,0.5681
9972,39,0.6924
9973,56,0.9942
9974,61,1.0829
9975,45,0.7989
9976,41,0.7279
9977,27,0.4793
9978,36,0.6391
9979,41,0.7279
9980,37,0.6569
9981,41,0.7279
9982,37,0.6569
9983,63,1.1185
9984,45,0.7989
9985,45,0.7989
9986,63,1.1185
9987,43,0.7634
9988,44,0.7811
9989,36,0.6391
9990,58,1.0297
9991,41,0.7279
9992,46,0.8167
9993,55,0.9764
9994,29,0.5148
9995,65,1.1540
9996,53,0.9409
9997,41,0.7279
9998,32,0.5681
9999,62,1.1007
10000,35,0.6214
10001,23,0.4083
10002,10,0.1775
10003,17,0.3018
10004,52,0.9232
10005,19,0.3373
10006,31,0.5504
10007,44,0.7811
10008,37,0.6569
10009,58,1.0297
10010,42,0.7456
10011,39,0.6924
10012,43,0.7634
10013,44,0.7811
10014,51,0.9054
10015,44,0.7811
10016,35,0.6214
10017,23,0.4083
10018,22,0.3906
10019,26,0.4616
10020,24,0.4261
10021,23,0.4083
10022,39,0.6924
10023,21,0.3728
10024,20,0.3551
10025,33,0.5859
10026,28,0.4971
10027,31,0.5504
10028,27,0.4793
10029,22,0.3906
10030,40,0.7101
10031,45,0.7989
10032,30,0.5326
10033,41,0.7279
10034,33,0.5859
10035,32,0.5681
10036,27,0.4793
10037,24,0.4261
10038,25,0.4438
10039,35,0.6214
10040,52,0.9232
10041,35,0.6214
10042,46,0.8167
10043,36,0.6391
10044,57,1.0119
10045,58,1.0297
10046,51,0.9054
10047,56,0.9942
10048,44,0.7811
10049,23,0.4083
10050,48,0.8522
10051,42,0.7456
10052,36,0.6391
10053,31,0.5504
10054,41,0.7279
10055,65,1.1540
10056,32,0.5681
10057,29,0.5148
10058,19,0.3373
10059,84,1.4913
10060,50,0.8877
10061,76,1.3492
10062,64,1.1362
10063,38,0.6746
10064,38,0.6746
10065,28,0.4971
10066,60,1.0652
10067,32,0.5681
10068,51,0.9054
10069,72,1.2782
10070,57,1.0119
10071,55,0.9764
10072,36,0.6391
10073,44,0.7811
10074,49,0.8699
10075,44,0.7811
10076,40,0.7101
10077,35,0.6214
10078,52,0.9232
10079,41,0.7279
